Date,Open,High,Low,Close,Volume,Dividends,Stock Splits
2012-01-09,107.246,107.694,106.762,107.38,148471920,0,0
2012-01-10,107.52,107.908,107.016,107.654,132788740,0,0
2012-01-11,107.778,108.17,107.32,107.906,129659580,0,0
2012-01-12,108.208,108.416,107.674,108.152,118677320,0,0
2012-01-13,108.282,108.556,107.746,108.342,125034560,0,0
2012-01-17,108.63,108.914,107.996,108.564,131570360,0,0
2012-01-18,108.618,109.114,108.018,108.84,141193000,0,0
2012-01-19,109.036,109.482,108.402,109.22,144150640,0,0
2012-01-20,109.318,109.86,108.802,109.63,147999940,0,0
2012-01-23,109.8,110.398,109.35,110.096,137891860,0,0
2012-01-24,109.922,110.598,109.636,110.452,132066680,0,0
2012-01-25,110.248,110.94,109.918,110.754,139110280,0,0
2012-01-26,110.572,111.248,110.012,110.826,150820600,0,0
2012-01-27,110.572,111.266,110.05,110.804,150226380,0,0
2012-01-30,110.404,111.13,109.896,110.764,153829580,0,0
2012-01-31,110.608,111.244,109.91,110.74,164655320,0,0
2012-02-01,110.782,111.288,110.142,110.724,158179580,0,0
2012-02-02,110.712,111.224,110.284,110.858,143821560,0,0
2012-02-03,111.176,111.656,110.724,111.316,148889440,0,0
2012-02-06,111.76,112.172,111.356,111.832,140965980,0,0
2012-02-07,112.122,112.648,111.852,112.416,136629200,0,0
2012-02-08,112.554,112.998,112.218,112.874,131254580,0,0
2012-02-09,113.004,113.43,112.614,113.324,138357080,0,0
2012-02-10,113.03,113.404,112.626,113.294,139818880,0,0
2012-02-13,113.256,113.572,112.78,113.448,141448360,0,0
2012-02-14,113.396,113.614,112.884,113.516,147408640,0,0
2012-02-15,113.526,113.716,112.88,113.41,158575380,0,0
2012-02-16,113.386,113.814,112.84,113.526,166168360,0,0
2012-02-17,113.782,114.178,113.196,113.87,158560740,0,0
2012-02-21,114.018,114.436,113.416,114.056,162200820,0,0
2012-02-22,114.23,114.652,113.674,114.196,154025980,0,0
2012-02-23,114.284,114.804,113.878,114.544,142527820,0,0
2012-02-24,114.68,114.978,114.266,114.692,126322080,0,0
2012-02-27,114.596,115.128,114.24,114.818,129493980,0,0
2012-02-28,114.676,115.24,114.388,115.002,128556700,0,0
2012-02-29,114.928,115.516,114.514,115.168,140852580,0,0
2012-03-01,115.156,115.728,114.754,115.352,142316420,0,0
2012-03-02,115.276,115.832,114.816,115.416,145336260,0,0
2012-03-05,115.458,115.778,114.896,115.348,144343480,0,0
2012-03-06,115.146,115.394,114.464,114.876,158898280,0,0
2012-03-07,114.692,115.01,114.194,114.654,150449780,0,0
2012-03-08,114.558,114.898,114.078,114.538,144838860,0,0
2012-03-09,114.5,114.916,114.1,114.582,145278560,0,0
2012-03-12,114.576,115.01,114.236,114.72,137926260,0,0
2012-03-13,115.076,115.8,114.862,115.612,134318380,0,0
2012-03-14,115.922,116.564,115.626,116.32,134612660,0,0
2012-03-15,116.528,117.144,116.218,116.938,144242580,0,0
2012-03-16,117.146,117.676,116.802,117.5,150253920,0.1228,0
2012-03-19,117.696,118.37,117.414,118.154,154511440,0.1228,0
2012-03-20,118.09,118.554,117.778,118.322,142039280,0.1228,0
2012-03-21,118.264,118.69,117.956,118.476,137484240,0.1228,0
2012-03-22,118.208,118.586,117.886,118.324,131503880,0.1228,0
2012-03-23,118.032,118.472,117.642,118.214,125029380,0,0
2012-03-26,118.106,118.528,117.724,118.342,124003960,0,0
2012-03-27,118.39,118.734,117.968,118.464,123631720,0,0
2012-03-28,118.488,118.848,117.92,118.508,128866460,0,0
2012-03-29,118.566,119.008,117.98,118.682,134815860,0,0
2012-03-30,118.836,119.218,118.234,118.878,137809020,0,0
2012-04-02,118.834,119.32,118.194,118.918,144124440,0,0
2012-04-03,118.818,119.328,118.084,118.934,151312080,0,0
2012-04-04,118.67,119.162,118.034,118.832,150978860,0,0
2012-04-05,118.626,119.112,118.062,118.758,145474000,0,0
2012-04-09,118.138,118.908,117.688,118.32,143887820,0,0
2012-04-10,117.684,118.254,116.912,117.316,160611660,0,0
2012-04-11,116.95,117.522,116.29,116.596,160276920,0,0
2012-04-12,116.428,117.28,115.9,116.414,161762020,0,0
2012-04-13,116.274,117.048,115.52,115.966,168123480,0,0
2012-04-16,116.242,116.744,115.308,115.768,172177360,0,0
2012-04-17,116.224,116.916,115.634,116.306,154680820,0,0
2012-04-18,116.42,117.176,115.91,116.578,148631060,0,0
2012-04-19,116.674,117.218,115.916,116.398,157500100,0,0
2012-04-20,116.65,117.22,116.062,116.534,152290680,0,0
2012-04-23,116.43,117.03,115.954,116.49,157094600,0,0
2012-04-24,116.274,116.744,115.802,116.19,155015920,0,0
2012-04-25,116.306,116.772,115.826,116.288,160289520,0,0
2012-04-26,116.35,116.968,116.12,116.7,147814500,0,0
2012-04-27,116.73,117.298,116.446,117.112,145319580,0,0
2012-04-30,117.334,117.854,117.044,117.632,133969040,0,0
2012-05-01,117.82,118.528,117.522,118.212,134238640,0,0
2012-05-02,118.036,118.732,117.68,118.402,128404400,0,0
2012-05-03,118.28,118.754,117.71,118.248,129898020,0,0
2012-05-04,117.932,118.502,117.222,117.676,142538480,0,0
2012-05-07,117.324,118.054,116.712,117.21,145073220,0,0
2012-05-08,116.73,117.23,115.918,116.502,159982320,0,0
2012-05-09,115.916,116.58,115.078,115.73,179916620,0,0
2012-05-10,115.298,115.974,114.524,115.184,181284680,0,0
2012-05-11,114.734,115.564,114.22,114.95,173105700,0,0
2012-05-14,114.362,115.236,113.788,114.444,180334520,0,0
2012-05-15,113.982,114.904,113.486,113.902,179184840,0,0
2012-05-16,113.786,114.556,113.202,113.41,176487440,0,0
2012-05-17,113.142,113.908,112.372,112.54,195966020,0,0
2012-05-18,112.5,113.018,111.432,111.548,229282720,0,0
2012-05-21,111.8,112.412,110.764,111.188,232072940,0,0
2012-05-22,111.51,112.146,110.462,110.996,230053320,0,0
2012-05-23,111.056,111.794,109.988,110.902,229591900,0,0
2012-05-24,111.016,111.764,110.094,111.184,213464840,0,0
2012-05-25,111.204,111.976,110.472,111.584,176634780,0,0
2012-05-29,111.71,112.298,110.678,111.876,171639260,0,0
2012-05-30,111.752,112.376,110.702,111.802,164607100,0,0
2012-05-31,111.83,112.374,110.76,111.666,162852620,0,0
2012-06-01,111.288,112.148,110.21,110.928,180029280,0,0
2012-06-04,110.598,111.454,109.426,110.252,193445320,0,0
2012-06-05,109.702,110.666,108.854,109.47,195698500,0,0
2012-06-06,109.266,110.386,108.592,109.506,200064980,0,0
2012-06-07,109.562,110.568,108.836,109.604,197782320,0,0
2012-06-08,109.95,110.844,109.364,110.438,175917220,0,0
2012-06-11,110.924,111.774,110.062,110.996,169359280,0,0
2012-06-12,111.59,112.406,110.632,111.646,172915760,0,0
2012-06-13,112.022,112.63,110.916,111.662,170519980,0,0
2012-06-14,111.832,112.71,110.95,111.902,179688540,0,0
2012-06-15,112.23,113.018,111.372,112.194,184794360,0.1376,0
2012-06-18,112.248,113.218,111.828,112.818,177115320,0.1376,0
2012-06-19,112.92,113.884,112.488,113.406,168205480,0.1376,0
2012-06-20,113.576,114.466,113.054,114.1,175051060,0.1376,0
2012-06-21,114.252,114.886,113.228,114.042,169982400,0.1376,0
2012-06-22,114.21,114.792,113.148,113.928,162099340,0,0
2012-06-25,113.95,114.344,112.734,113.404,165102300,0,0
2012-06-26,113.376,113.688,112.15,112.772,165952580,0,0
2012-06-27,112.818,113.234,111.758,112.38,146279820,0,0
2012-06-28,112.25,112.76,111.58,112.44,139073800,0,0
2012-06-29,112.6,113.194,111.958,112.888,155518140,0,0
2012-07-02,113.352,113.966,112.752,113.77,152147900,0,0
2012-07-03,114.164,114.836,113.67,114.692,139911100,0,0
2012-07-05,114.924,115.578,114.404,115.306,143529000,0,0
2012-07-06,115.462,116.05,115.01,115.764,139919000,0,0
2012-07-09,115.494,115.932,114.984,115.632,118224920,0,0
2012-07-10,115.414,115.862,114.67,115.228,125896980,0,0
2012-07-11,115.028,115.37,114.168,114.676,138153660,0,0
2012-07-12,114.43,114.764,113.542,114.12,141634800,0,0
2012-07-13,114.158,114.784,113.37,114.164,137324900,0,0
2012-07-16,114.168,114.828,113.404,114.182,136073840,0,0
2012-07-17,114.162,114.898,113.552,114.56,130268940,0,0
2012-07-18,114.474,115.412,113.99,115.106,124592200,0,0
2012-07-19,115.198,116.082,114.772,115.822,121845020,0,0
2012-07-20,115.722,116.298,115.192,115.944,124497400,0,0
2012-07-23,115.556,116.392,115.012,115.886,134034540,0,0
2012-07-24,115.424,116.156,114.754,115.474,140922720,0,0
2012-07-25,115.112,115.634,114.294,114.894,144077240,0,0
2012-07-26,114.814,115.342,113.964,114.63,149413080,0,0
2012-07-27,114.804,115.666,113.934,115.006,168185960,0,0
2012-07-30,115.492,116.168,114.686,115.616,160500180,0,0
2012-07-31,116.052,116.782,115.48,116.256,149955120,0,0
2012-08-01,116.814,117.49,116.184,116.872,151789420,0,0
2012-08-02,116.926,117.678,116.238,116.952,160395440,0,0
2012-08-03,117.208,117.774,116.33,117.064,144606660,0,0
2012-08-06,117.412,117.914,116.548,117.222,140515500,0,0
2012-08-07,117.698,118.262,116.942,117.666,138309340,0,0
2012-08-08,117.894,118.588,117.35,118.158,128601520,0,0
2012-08-09,118.528,119.152,118.124,118.83,106748540,0,0
2012-08-10,118.78,119.364,118.654,119.084,95142080,0,0
2012-08-13,118.93,119.478,118.736,119.28,93762220,0,0
2012-08-14,119.118,119.556,118.794,119.36,92329080,0,0
2012-08-15,119.252,119.648,118.92,119.438,88595320,0,0
2012-08-16,119.398,119.864,119.03,119.672,92939820,0,0
2012-08-17,119.77,120.104,119.378,119.9,91144020,0,0
2012-08-20,120.004,120.338,119.64,120.14,90909780,0,0
2012-08-21,120.216,120.628,119.824,120.304,91550120,0,0
2012-08-22,120.344,120.774,119.912,120.452,103981640,0,0
2012-08-23,120.398,120.658,119.852,120.228,103872080,0,0
2012-08-24,120.072,120.578,119.574,120.114,105605580,0,0
2012-08-27,120.056,120.554,119.532,120.004,103711620,0,0
2012-08-28,119.826,120.342,119.45,119.942,97733320,0,0
2012-08-29,119.848,120.314,119.46,119.89,84168880,0,0
2012-08-30,119.752,120.222,119.418,119.86,81193580,0,0
2012-08-31,119.918,120.22,119.442,119.8,91691420,0,0
2012-09-04,119.774,120.114,119.238,119.714,101979480,0,0
2012-09-05,119.758,120.05,119.18,119.632,106973620,0,0
2012-09-06,119.798,120.37,119.286,120.014,125543860,0,0
2012-09-07,120.326,120.956,119.912,120.666,127680300,0,0
2012-09-10,120.818,121.4,120.438,121.064,114577920,0,0
2012-09-11,121.252,121.894,121.02,121.552,108284680,0,0
2012-09-12,121.812,122.418,121.574,122.142,105680800,0,0
2012-09-13,122.254,122.972,121.954,122.622,119120340,0,0
2012-09-14,122.74,123.604,122.442,123.116,131621320,0,0
2012-09-17,123.206,124.072,122.936,123.664,138215180,0,0
2012-09-18,123.696,124.486,123.392,124.124,140128500,0,0
2012-09-19,124.104,124.93,123.818,124.516,148263980,0,0
2012-09-20,124.386,124.888,124.096,124.536,133971900,0,0
2012-09-21,124.478,124.776,124.068,124.436,121764000,0.1558,0
2012-09-24,124.306,124.702,123.974,124.384,117014840,0.1558,0
2012-09-25,124.348,124.738,123.732,124.088,123982560,0.1558,0
2012-09-26,124.016,124.35,123.276,123.64,127619340,0.1558,0
2012-09-27,123.784,124.172,123.046,123.42,119183440,0.1558,0
2012-09-28,123.35,123.812,122.644,123.096,127575160,0,0
2012-10-01,123.244,123.762,122.468,122.874,135621000,0,0
2012-10-02,123.068,123.576,122.43,122.942,131672400,0,0
2012-10-03,123.208,123.8,122.63,123.248,126628580,0,0
2012-10-04,123.506,124.034,122.96,123.502,129124840,0,0
2012-10-05,123.986,124.478,123.342,123.872,123954040,0,0
2012-10-08,124.17,124.552,123.564,124.092,112454880,0,0
2012-10-09,124.274,124.638,123.618,124.04,119545020,0,0
2012-10-10,124.154,124.448,123.442,123.732,120137900,0,0
2012-10-11,123.922,124.132,123.082,123.26,119995880,0,0
2012-10-12,123.334,123.584,122.55,122.704,119863840,0,0
2012-10-15,122.928,123.262,122.116,122.438,125718580,0,0
2012-10-16,122.796,123.26,122.202,122.666,117707100,0,0
2012-10-17,123.044,123.602,122.598,123.164,118624420,0,0
2012-10-18,123.306,123.948,122.94,123.582,123525820,0,0
2012-10-19,123.662,124.222,123.02,123.668,135818480,0,0
2012-10-22,123.65,124.126,122.936,123.554,139396380,0,0
2012-10-23,123.156,123.516,122.284,122.852,156044540,0,0
2012-10-24,122.524,122.796,121.496,121.968,154313600,0,0
2012-10-25,121.876,122.072,120.684,121.22,151583380,0,0
2012-10-26,121.152,121.438,120.23,120.872,143659040,0,0
2012-10-31,120.93,121.158,119.958,120.52,139231020,0,0
2012-11-01,120.894,121.32,120.076,120.76,121018880,0,0
2012-11-02,121.192,121.596,120.18,120.852,124523440,0,0
2012-11-05,121.078,121.578,120.24,120.924,117307660,0,0
2012-11-06,121.244,121.864,120.538,121.198,109516580,0,0
2012-11-07,121.212,121.804,120.262,120.92,141689780,0,0
2012-11-08,120.878,121.36,119.648,120.104,157794120,0,0
2012-11-09,119.844,120.63,118.99,119.524,170464740,0,0
2012-11-12,119.374,120.058,118.484,118.912,170324540,0,0
2012-11-13,118.566,119.33,117.67,118.032,173514580,0,0
2012-11-14,117.976,118.776,117.082,117.386,158954680,0,0
2012-11-15,117.342,118.108,116.614,116.986,158276900,0,0
2012-11-16,117.048,117.63,116.128,116.68,165962620,0,0
2012-11-19,116.93,117.688,115.864,116.828,176726280,0,0
2012-11-20,117.164,117.718,115.986,117.066,176084100,0,0
2012-11-21,117.352,117.912,116.568,117.666,154125260,0,0
2012-11-23,118.06,118.748,117.396,118.63,131581420,0,0
2012-11-26,118.87,119.554,118.332,119.43,103709520,0,0
2012-11-27,119.384,119.936,118.984,119.634,99139600,0,0
2012-11-28,119.53,120.296,119.142,120.022,110595420,0,0
2012-11-29,119.988,120.798,119.542,120.478,124470440,0,0
2012-11-30,120.332,120.972,119.82,120.614,138702260,0,0
2012-12-03,120.7,121.238,120.016,120.682,143608640,0,0
2012-12-04,120.79,121.318,120.124,120.84,143381840,0,0
2012-12-05,121.064,121.424,120.358,120.846,137424640,0,0
2012-12-06,120.958,121.344,120.322,120.822,127851580,0,0
2012-12-07,121.024,121.39,120.322,120.868,122283200,0,0
2012-12-10,120.922,121.372,120.46,121.042,117120080,0,0
2012-12-11,121.198,121.756,120.822,121.414,122131720,0,0
2012-12-12,121.646,122.164,121.322,121.756,121847640,0,0
2012-12-13,121.996,122.47,121.512,121.866,128346520,0,0
2012-12-14,121.96,122.452,121.548,121.812,134141580,0,0
2012-12-17,122.006,122.628,121.596,122.034,143021080,0,0
2012-12-18,122.166,122.864,121.732,122.364,148059560,0,0
2012-12-19,122.428,123.04,121.892,122.498,149062620,0,0
2012-12-20,122.592,123.262,122.182,122.924,155617020,0,0
2012-12-21,122.738,123.694,122.364,123.214,177253440,0.2044,0
2012-12-24,122.912,123.648,122.496,123.144,159380720,0.2044,0
2012-12-26,122.852,123.344,122.252,122.698,145217700,0.2044,0
2012-12-27,122.384,122.918,121.684,122.404,148622740,0.2044,0
2012-12-28,121.916,122.456,121.154,121.704,144686680,0.2044,0
2012-12-31,121.484,122.194,120.742,121.64,144296960,0,0
2013-01-02,121.936,122.81,121.178,122.276,171933840,0,0
2013-01-03,122.512,123.44,121.862,122.96,179496660,0,0
2013-01-04,123.23,124.218,122.85,123.786,169276080,0,0
2013-01-07,124.124,125.022,123.804,124.806,161515240,0,0
2013-01-08,125.164,125.596,124.738,125.344,136981220,0,0
2013-01-09,125.294,125.626,124.894,125.32,116718540,0,0
2013-01-10,125.422,125.75,125.002,125.552,113913260,0,0
2013-01-11,125.606,125.844,125.162,125.672,113333180,0,0
2013-01-14,125.784,126.01,125.334,125.844,109246120,0,0
2013-01-15,125.884,126.234,125.544,126.106,103627620,0,0
2013-01-16,126.038,126.398,125.71,126.3,106448400,0,0
2013-01-17,126.204,126.626,125.914,126.458,107068020,0,0
2013-01-18,126.364,126.856,126.056,126.674,118265760,0,0
2013-01-22,126.612,127.21,126.322,127.046,122711780,0,0
2013-01-23,127.1,127.604,126.78,127.44,124996480,0,0
2013-01-24,127.51,128.096,127.194,127.846,133311860,0,0
2013-01-25,127.884,128.41,127.574,128.232,135987480,0,0
2013-01-28,128.284,128.726,127.932,128.532,124677820,0,0
2013-01-29,128.532,129.022,128.222,128.794,123457240,0,0
2013-01-30,128.792,129.268,128.406,128.916,130027560,0,0
2013-01-31,128.918,129.308,128.506,128.966,122537440,0,0
2013-02-01,129.05,129.51,128.682,129.136,119329720,0,0
2013-02-04,129.054,129.672,128.668,129.044,128472900,0,0
2013-02-05,129.154,129.78,128.776,129.112,130116500,0,0
2013-02-06,129.132,129.836,128.858,129.298,130379520,0,0
2013-02-07,129.36,130.004,128.904,129.514,141082360,0,0
2013-02-08,129.458,130.084,129.046,129.61,135474500,0,0
2013-02-11,129.702,130.192,129.382,129.994,118414780,0,0
2013-02-12,129.946,130.332,129.608,130.16,108710840,0,0
2013-02-13,130.258,130.564,129.832,130.33,97422800,0,0
2013-02-14,130.34,130.756,130.116,130.558,81091660,0,0
2013-02-15,130.548,130.876,130.174,130.612,103510220,0,0
2013-02-19,130.656,131.112,130.306,130.866,107776300,0,0
2013-02-20,130.89,131.266,130.246,130.75,126812720,0,0
2013-02-21,130.654,131.062,129.94,130.454,146999600,0,0
2013-02-22,130.56,130.962,129.764,130.386,152104060,0,0
2013-02-25,130.594,131.008,129.326,129.852,158223720,0,0
2013-02-26,130.14,130.48,128.738,129.296,176521880,0,0
2013-02-27,129.582,130.332,128.48,129.394,174563300,0,0
2013-02-28,129.744,130.58,128.734,129.598,163285100,0,0
2013-03-01,129.734,130.658,128.72,129.636,176140740,0,0
2013-03-04,129.586,130.668,129.152,130.308,146777820,0,0
2013-03-05,130.262,131.44,129.994,131.042,133744960,0,0
2013-03-06,131.112,131.884,130.75,131.486,122482560,0,0
2013-03-07,131.592,132.246,131.284,132.03,114329640,0,0
2013-03-08,132.344,132.814,132.014,132.602,104898240,0,0
2013-03-11,132.956,133.35,132.634,133.138,101845560,0,0
2013-03-12,133.344,133.592,132.904,133.376,98710340,0,0
2013-03-13,133.502,133.798,133.088,133.616,98326540,0,0
2013-03-14,133.78,134.112,133.326,133.952,106372240,0,0
2013-03-15,133.966,134.298,133.556,134.138,109396900,0.1388,0
2013-03-18,133.914,134.348,133.514,134.074,117988400,0.1388,0
2013-03-19,133.926,134.364,133.354,134.01,130350700,0.1388,0
2013-03-20,134.004,134.454,133.478,134.094,134592380,0.1388,0
2013-03-21,133.856,134.372,133.286,133.804,135047400,0.1388,0
2013-03-22,133.682,134.296,133.186,133.764,129559900,0,0
2013-03-25,133.97,134.406,133.212,133.76,134483500,0,0
2013-03-26,134.02,134.53,133.526,134.032,118341360,0,0
2013-03-27,133.976,134.58,133.48,134.118,115579620,0,0
2013-03-28,134.204,134.79,133.764,134.516,110445180,0,0
2013-04-01,134.504,135.016,133.926,134.594,108051280,0,0
2013-04-02,134.608,135.178,134.274,134.916,98087680,0,0
2013-04-03,134.836,135.316,134.172,134.75,111549840,0,0
2013-04-04,134.864,135.304,134.188,134.692,117936720,0,0
2013-04-05,134.496,135.044,133.846,134.432,129283360,0,0
2013-04-08,134.27,134.926,133.688,134.46,126758780,0,0
2013-04-09,134.252,134.944,133.622,134.448,126842360,0,0
2013-04-10,134.296,135.262,134.02,135.042,123151100,0,0
2013-04-11,134.86,135.874,134.616,135.618,118802600,0,0
2013-04-12,135.676,136.512,135.332,136.246,110141380,0,0
2013-04-15,136.146,136.84,135.392,136.058,136278940,0,0
2013-04-16,136.11,136.87,135.38,136.172,145396060,0,0
2013-04-17,135.96,136.43,134.888,135.558,163620800,0,0
2013-04-18,135.386,135.688,134.026,134.686,175108940,0,0
2013-04-19,134.664,135.086,133.37,134.114,181774480,0,0
2013-04-22,134.282,134.812,133.31,134.294,159633380,0,0
2013-04-23,134.394,134.888,133.354,134.358,163360080,0,0
2013-04-24,134.658,135.23,133.916,134.836,137349360,0,0
2013-04-25,135.17,135.896,134.702,135.592,130044840,0,0
2013-04-26,135.832,136.422,135.326,136.068,119291080,0,0
2013-04-29,136.33,136.958,135.958,136.608,115694940,0,0
2013-04-30,136.732,137.266,136.38,136.936,105668820,0,0
2013-05-01,136.992,137.458,136.478,137.004,114087420,0,0
2013-05-02,137.052,137.564,136.552,137.216,107156820,0,0
2013-05-03,137.536,138.13,136.906,137.756,116813520,0,0
2013-05-06,138.022,138.538,137.424,138.184,112475380,0,0
2013-05-07,138.514,139.044,137.952,138.688,107345080,0,0
2013-05-08,139.046,139.73,138.682,139.562,99054080,0,0
2013-05-09,139.838,140.388,139.362,140.102,101120280,0,0
2013-05-10,140.158,140.676,139.832,140.454,92920420,0,0
2013-05-13,140.454,140.986,140.074,140.758,95912640,0,0
2013-05-14,140.72,141.452,140.418,141.212,101640980,0,0
2013-05-15,141.16,141.98,140.862,141.692,106300840,0,0
2013-05-16,141.592,142.438,141.314,142.116,106935840,0,0
2013-05-17,142.102,143.04,141.87,142.724,112255440,0,0
2013-05-20,142.72,143.692,142.524,143.308,112901040,0,0
2013-05-21,143.308,144.116,143.012,143.642,108261700,0,0
2013-05-22,143.718,144.568,143.058,143.608,132924360,0,0
2013-05-23,143.44,144.49,142.86,143.628,153154520,0,0
2013-05-24,143.184,144.204,142.558,143.348,157509100,0,0
2013-05-28,143.228,144.238,142.42,143.24,169230820,0,0
2013-05-29,142.942,143.892,142.048,142.904,182142660,0,0
2013-05-30,142.598,143.464,142.056,142.888,154895060,0,0
2013-05-31,142.806,143.534,141.916,142.542,148052200,0,0
2013-06-03,142.696,143.374,141.688,142.376,151415560,0,0
2013-06-04,142.248,142.912,141.156,141.904,154205900,0,0
2013-06-05,141.846,142.502,140.602,141.222,164480780,0,0
2013-06-06,141.13,141.838,139.744,140.686,182967120,0,0
2013-06-07,140.868,141.604,139.746,140.92,185264660,0,0
2013-06-10,141.124,141.766,140.042,140.998,172719940,0,0
2013-06-11,140.926,141.668,140.044,140.918,173094720,0,0
2013-06-12,141.122,141.834,140.126,141.002,166219460,0,0
2013-06-13,141.202,142.138,140.308,141.258,158891920,0,0
2013-06-14,141.232,142.09,140.268,140.978,149463860,0,0
2013-06-17,141.056,142.06,140.068,140.916,155589560,0,0
2013-06-18,141.268,142.31,140.376,141.372,146627600,0,0
2013-06-19,141.506,142.57,140.682,141.664,152385200,0,0
2013-06-20,141.54,142.392,140.282,140.834,183918820,0,0
2013-06-21,140.928,141.69,139.486,140.27,210070680,0.1678,0
2013-06-24,139.884,140.664,138.336,139.14,227277360,0.1678,0
2013-06-25,138.986,139.794,137.254,138.048,236790680,0.1678,0
2013-06-26,138.142,139.01,136.688,137.624,222530380,0.1678,0
2013-06-27,138.158,138.874,137.174,138.06,184175940,0.1678,0
2013-06-28,138.33,139.158,137.59,138.294,161865160,0,0
2013-07-01,138.998,139.86,138.518,139.04,143790320,0,0
2013-07-02,139.456,140.242,139.052,139.498,142310620,0,0
2013-07-03,139.562,140.462,139.22,139.696,130384300,0,0
2013-07-05,139.8,140.68,139.28,140.034,128970940,0,0
2013-07-08,140.36,141.198,139.838,140.646,118508860,0,0
2013-07-09,141.006,141.692,140.392,141.3,115977500,0,0
2013-07-10,141.674,142.29,141.108,141.99,109286780,0,0
2013-07-11,142.824,143.304,141.968,143.058,121361940,0,0
2013-07-12,143.678,144.144,142.98,143.836,117721100,0,0
2013-07-15,144.392,144.838,143.778,144.566,109992720,0,0
2013-07-16,144.96,145.364,144.264,144.98,103873540,0,0
2013-07-17,145.512,145.838,144.802,145.458,98166300,0,0
2013-07-18,145.72,146.126,145.326,145.706,91771880,0,0
2013-07-19,145.916,146.352,145.53,145.994,91695680,0,0
2013-07-22,146.166,146.586,145.76,146.228,93691280,0,0
2013-07-23,146.434,146.84,146.104,146.508,92116800,0,0
2013-07-24,146.718,147.08,146.182,146.608,96124820,0,0
2013-07-25,146.704,147.046,146.136,146.618,97618520,0,0
2013-07-26,146.652,147.034,146,146.608,98415100,0,0
2013-07-29,146.524,146.916,145.844,146.45,98468380,0,0
2013-07-30,146.402,146.822,145.694,146.356,99344360,0,0
2013-07-31,146.254,146.82,145.748,146.388,105239300,0,0
2013-08-01,146.56,147.12,146.088,146.688,105109260,0,0
2013-08-02,146.916,147.434,146.526,147.006,101769680,0,0
2013-08-05,147.244,147.764,146.914,147.372,96645220,0,0
2013-08-06,147.464,148.016,147.116,147.57,97102300,0,0
2013-08-07,147.508,147.944,147.126,147.652,85595500,0,0
2013-08-08,147.506,147.836,146.958,147.504,83944080,0,0
2013-08-09,147.386,147.686,146.728,147.22,84072280,0,0
2013-08-12,147.02,147.4,146.386,146.944,86976400,0,0
2013-08-13,146.854,147.254,146.222,146.922,85638600,0,0
2013-08-14,146.912,147.318,146.248,146.846,84633500,0,0
2013-08-15,146.466,146.84,145.756,146.252,94783600,0,0
2013-08-16,145.854,146.238,145.198,145.648,102605700,0,0
2013-08-19,145.366,145.7,144.57,144.894,108174560,0,0
2013-08-20,144.608,145.058,143.954,144.196,109872240,0,0
2013-08-21,143.844,144.404,143.172,143.47,125812500,0,0
2013-08-22,143.41,144.208,142.964,143.414,115520420,0,0
2013-08-23,143.496,144.242,143.01,143.552,107524560,0,0
2013-08-26,143.696,144.432,143.208,143.766,106177460,0,0
2013-08-27,143.578,144.398,142.922,143.374,120042460,0,0
2013-08-28,143.254,144.13,142.724,143.262,109758960,0,0
2013-08-29,143.02,143.912,142.466,142.934,113304780,0,0
2013-08-30,142.666,143.514,142.016,142.418,122112780,0,0
2013-09-03,142.394,143.216,141.636,142.138,132647380,0,0
2013-09-04,142.406,143.222,141.796,142.558,120401380,0,0
2013-09-05,142.856,143.554,142.262,142.914,111396880,0,0
2013-09-06,143.368,143.89,142.448,143.24,119508080,0,0
2013-09-09,143.704,144.444,143.016,143.93,110034160,0,0
2013-09-10,144.296,145.02,143.806,144.708,102728580,0,0
2013-09-11,145.026,145.604,144.538,145.342,102159880,0,0
2013-09-12,145.632,146.152,145.056,145.86,106183580,0,0
2013-09-13,146.088,146.582,145.796,146.43,88777840,0,0
2013-09-16,146.906,147.192,146.418,146.896,92525820,0,0
2013-09-17,147.222,147.574,146.8,147.278,87861040,0,0
2013-09-18,147.634,148.288,147.186,147.91,109643980,0,0
2013-09-19,148.358,148.988,147.858,148.57,122325560,0,0
2013-09-20,149.058,149.632,148.32,148.956,134353420,0.1676,0
2013-09-23,149.086,149.672,148.352,149.034,134016880,0.1676,0
2013-09-24,149.132,149.716,148.278,148.91,138778840,0.1676,0
2013-09-25,149.036,149.246,148.128,148.358,121548020,0.1676,0
2013-09-26,148.452,148.796,147.656,147.97,107654020,0.1676,0
2013-09-27,147.844,148.24,147.288,147.654,100908960,0,0
2013-09-30,147.318,147.874,146.896,147.318,108773060,0,0
2013-10-01,147.012,147.694,146.68,147.284,112938440,0,0
2013-10-02,146.788,147.582,146.496,147.308,112147140,0,0
2013-10-03,146.694,147.366,146.11,146.946,132057360,0,0
2013-10-04,146.504,147.352,145.948,146.942,131604600,0,0
2013-10-07,146.494,147.336,145.966,146.842,122076200,0,0
2013-10-08,146.364,147.008,145.51,146.17,132247200,0,0
2013-10-09,145.92,146.462,144.934,145.546,143371800,0,0
2013-10-10,145.66,146.518,145.002,145.816,147223200,0,0
2013-10-11,145.862,146.738,145.218,146.054,148855600,0,0
2013-10-14,146.174,147.196,145.538,146.666,152017800,0,0
2013-10-15,146.716,147.812,146.256,147.402,147511800,0,0
2013-10-16,147.574,148.85,147.322,148.53,146052400,0,0
2013-10-17,148.284,149.558,148.04,149.236,132739200,0,0
2013-10-18,149.146,150.288,148.866,149.956,139394400,0,0
2013-10-21,150.06,150.928,149.724,150.558,137794000,0,0
2013-10-22,150.828,151.762,150.588,151.552,132029600,0,0
2013-10-23,151.54,152.238,151.166,151.988,120791200,0,0
2013-10-24,152.16,152.596,151.718,152.326,108983400,0,0
2013-10-25,152.448,152.856,152.006,152.598,100045200,0,0
2013-10-28,152.698,153.156,152.302,152.918,96220200,0,0
2013-10-29,152.998,153.384,152.642,153.226,88367800,0,0
2013-10-30,153.446,153.84,152.938,153.526,95271400,0,0
2013-10-31,153.66,154.104,153.116,153.636,107960400,0,0
2013-11-01,153.748,154.21,153.126,153.682,117796400,0,0
2013-11-04,153.888,154.284,153.174,153.786,117936000,0,0
2013-11-05,153.802,154.198,153.032,153.628,117620800,0,0
2013-11-06,153.742,154.196,153.186,153.782,107090000,0,0
2013-11-07,153.976,154.328,153.052,153.632,111731000,0,0
2013-11-08,153.776,154.45,152.988,153.82,110512600,0,0
2013-11-11,153.85,154.56,153.15,153.906,105900000,0,0
2013-11-12,153.99,154.666,153.29,154.026,105533000,0,0
2013-11-13,153.826,154.83,153.212,154.236,108832200,0,0
2013-11-14,154.008,155.14,153.82,154.994,98119200,0,0
2013-11-15,154.826,155.63,154.6,155.476,91340200,0,0
2013-11-18,155.39,156.148,154.968,155.842,99776600,0,0
2013-11-19,155.806,156.586,155.378,156.204,101756800,0,0
2013-11-20,156.38,156.846,155.706,156.22,105969800,0,0
2013-11-21,156.456,156.956,155.812,156.33,103851000,0,0
2013-11-22,156.53,157.08,155.888,156.462,99546600,0,0
2013-11-25,156.666,157.196,156.124,156.672,94484600,0,0
2013-11-26,156.908,157.432,156.418,156.96,93105200,0,0
2013-11-27,157.166,157.66,156.884,157.422,79883400,0,0
2013-11-29,157.574,157.956,157.222,157.612,72489380,0,0
2013-12-02,157.766,158.06,157.306,157.564,76175380,0,0
2013-12-03,157.558,157.924,157.096,157.412,83590780,0,0
2013-12-04,157.276,157.794,156.738,157.246,90798580,0,0
2013-12-05,157.022,157.534,156.41,156.866,100425380,0,0
2013-12-06,156.91,157.422,156.296,156.856,114796800,0,0
2013-12-09,156.976,157.464,156.454,157.006,108876400,0,0
2013-12-10,157.158,157.634,156.71,157.18,101759000,0,0
2013-12-11,157.458,157.698,156.736,157.004,103270600,0,0
2013-12-12,157.324,157.544,156.56,156.862,104996800,0,0
2013-12-13,156.946,157.118,156.146,156.37,101012800,0,0
2013-12-16,156.508,156.794,155.752,155.99,106227000,0,0
2013-12-17,156.228,156.454,155.336,155.624,108009000,0,0
2013-12-18,155.896,156.608,155.13,156.144,128872000,0,0
2013-12-19,156.338,157.104,155.644,156.73,133065240,0,0
2013-12-20,156.89,157.856,156.302,157.502,150921040,0.196,0
2013-12-23,157.672,158.522,157.028,158.252,148801640,0.196,0
2013-12-24,158.396,159.322,157.946,159.17,139898200,0.196,0
2013-12-26,159.34,159.886,159.164,159.72,105590000,0.196,0
2013-12-27,160.024,160.492,159.852,160.306,90646560,0.196,0
2013-12-30,160.582,160.848,160.38,160.702,62600560,0,0
2013-12-31,160.866,161.206,160.706,161.08,62704940,0,0
2014-01-02,161.118,161.392,160.698,161.078,77558560,0,0
2014-01-03,161.1,161.328,160.578,160.908,81163680,0,0
2014-01-06,160.992,161.218,160.302,160.646,90406520,0,0
2014-01-07,160.854,161.178,160.192,160.586,96263960,0,0
2014-01-08,160.746,161.028,160.01,160.382,98356440,0,0
2014-01-09,160.77,161.038,160.066,160.508,92565740,0,0
2014-01-10,160.896,161.146,160.132,160.726,96692900,0,0
2014-01-13,160.928,161.256,160.002,160.61,105065660,0,0
2014-01-14,160.788,161.252,159.826,160.644,108840040,0,0
2014-01-15,160.902,161.446,159.97,160.844,109228740,0,0
2014-01-16,160.932,161.54,160.15,160.982,105550180,0,0
2014-01-17,160.958,161.58,160.204,160.894,106714640,0,0
2014-01-21,161.138,161.682,160.504,161.33,94460480,0,0
2014-01-22,161.524,161.822,160.848,161.44,85711440,0,0
2014-01-23,161.396,161.552,160.516,161.112,92505660,0,0
2014-01-24,160.926,161.026,159.64,160.142,119782960,0,0
2014-01-27,160.042,160.162,158.554,159.156,134381840,0,0
2014-01-28,158.894,159.204,157.69,158.26,138750240,0,0
2014-01-29,157.682,158.148,156.458,157.042,169815520,0,0
2014-01-30,156.886,157.52,155.834,156.418,167103760,0,0
2014-01-31,156.082,157.104,155.5,156.294,164303920,0,0
2014-02-03,155.892,156.904,154.924,155.622,179102720,0,0
2014-02-04,155.332,156.298,154.22,154.978,190012560,0,0
2014-02-05,154.842,155.774,153.664,154.596,179539200,0,0
2014-02-06,154.272,155.366,153.132,154.29,182327100,0,0
2014-02-07,154.498,155.468,153.274,154.552,177548960,0,0
2014-02-10,154.8,155.766,154.216,155.574,145025300,0,0
2014-02-11,155.714,156.922,155.256,156.728,135585640,0,0
2014-02-12,157.024,158.196,156.658,157.938,121683080,0,0
2014-02-13,157.946,159.198,157.64,158.906,115216000,0,0
2014-02-14,158.74,159.986,158.504,159.668,100358240,0,0
2014-02-18,159.526,160.76,159.282,160.41,98006660,0,0
2014-02-19,160.156,161.2,159.778,160.592,99748700,0,0
2014-02-20,160.334,161.498,159.934,160.948,101804780,0,0
2014-02-21,160.966,161.794,160.454,161.102,105319620,0,0
2014-02-24,161.22,162.106,160.724,161.258,108832720,0,0
2014-02-25,161.374,162.298,160.826,161.364,116157540,0,0
2014-02-26,161.61,162.412,161.082,161.684,110588120,0,0
2014-02-27,161.84,162.648,161.392,161.984,108364660,0,0
2014-02-28,162.076,163.044,161.612,162.406,114909780,0,0
2014-03-03,162.14,162.922,161.532,162.418,125646700,0,0
2014-03-04,162.442,163.342,161.974,162.898,135738880,0,0
2014-03-05,162.904,163.776,162.52,163.408,133678820,0,0
2014-03-06,163.54,164.256,163.118,163.822,131405960,0,0
2014-03-07,164.096,164.574,163.536,164.166,124140260,0,0
2014-03-10,164.678,165.062,164.12,164.724,105578400,0,0
2014-03-11,164.968,165.19,164.128,164.662,91871040,0,0
2014-03-12,164.718,165.064,163.858,164.578,95160540,0,0
2014-03-13,164.652,164.956,163.312,164.052,109660100,0,0
2014-03-14,163.93,164.402,162.788,163.422,117541320,0,0
2014-03-17,163.512,164.146,162.512,163.1,122225380,0,0
2014-03-18,163.208,164.006,162.462,163.176,122784480,0,0
2014-03-19,163.446,164.108,162.386,163.068,137073060,0,0
2014-03-20,163.168,164.09,162.606,163.52,129518400,0,0
2014-03-21,163.816,164.8,163.028,163.934,131360080,0.165,0
2014-03-24,164.18,164.996,163.016,163.92,135970380,0.165,0
2014-03-25,164.266,164.97,162.942,163.826,136379860,0.165,0
2014-03-26,164.3,165.01,162.988,163.674,125095000,0.165,0
2014-03-27,164.18,164.706,162.776,163.26,130123400,0.165,0
2014-03-28,163.722,164.248,162.594,163.134,117826200,0,0
2014-03-31,163.692,164.29,162.752,163.412,113493000,0,0
2014-04-01,163.912,164.54,163.056,163.754,110561200,0,0
2014-04-02,164.166,164.856,163.624,164.442,102347400,0,0
2014-04-03,164.944,165.54,164.356,165.156,89357800,0,0
2014-04-04,165.744,166.118,164.55,165.316,102905600,0,0
2014-04-07,165.618,165.934,164.276,164.846,111117200,0,0
2014-04-08,165.026,165.412,163.676,164.292,115810600,0,0
2014-04-09,164.518,165.062,163.132,163.976,120106600,0,0
2014-04-10,164.15,164.7,162.23,163.012,139211400,0,0
2014-04-11,162.826,163.594,161.386,162.152,138785400,0,0
2014-04-14,162.294,163.086,160.942,161.906,137101200,0,0
2014-04-15,162.128,162.898,160.576,161.748,145987800,0,0
2014-04-16,162.106,162.722,160.504,161.58,146976400,0,0
2014-04-17,161.896,162.676,160.966,162.15,133435600,0,0
2014-04-21,162.654,163.324,161.83,163.124,113651200,0,0
2014-04-22,163.41,164.208,162.832,163.996,104332800,0,0
2014-04-23,164.202,164.84,163.852,164.568,87688000,0,0
2014-04-24,164.712,165.236,164.254,164.866,84282600,0,0
2014-04-25,164.948,165.31,164.31,164.848,83307600,0,0
2014-04-28,165.056,165.414,164.09,164.82,96666000,0,0
2014-04-29,165.1,165.352,164.08,164.794,96327600,0,0
2014-04-30,165.034,165.454,164.058,164.946,101855400,0,0
2014-05-01,165.008,165.532,164.198,165.034,102825200,0,0
2014-05-02,165.2,165.852,164.534,165.344,102373600,0,0
2014-05-05,165.216,166.004,164.826,165.614,90526000,0,0
2014-05-06,165.308,166.02,164.766,165.444,90797200,0,0
2014-05-07,165.302,165.928,164.56,165.368,91795600,0,0
2014-05-08,165.212,165.966,164.446,165.254,91915400,0,0
2014-05-09,165.106,165.772,164.278,165.238,89026800,0,0
2014-05-12,165.398,166.006,164.52,165.48,91238200,0,0
2014-05-13,165.758,166.408,165.054,166.04,87438200,0,0
2014-05-14,166.178,166.744,165.544,166.248,80611600,0,0
2014-05-15,166.348,166.686,165.438,166.198,92879200,0,0
2014-05-16,166.312,166.702,165.42,166.214,95635000,0,0
2014-05-19,166.116,166.528,165.336,166.028,91014800,0,0
2014-05-20,165.87,166.22,164.86,165.604,100052800,0,0
2014-05-21,165.57,166.104,164.732,165.616,103398000,0,0
2014-05-22,165.658,166.324,165.152,166.002,84716600,0,0
2014-05-23,166.054,166.736,165.656,166.406,77443560,0,0
2014-05-27,166.648,167.208,166.26,166.896,79077760,0,0
2014-05-28,167.154,167.762,166.964,167.57,70093560,0,0
2014-05-29,167.81,168.32,167.538,168.14,65150360,0,0
2014-05-30,168.34,168.818,168.096,168.684,68103760,0,0
2014-06-02,168.902,169.26,168.516,169.132,68816400,0,0
2014-06-03,169.142,169.492,168.744,169.358,67423800,0,0
2014-06-04,169.31,169.754,168.956,169.676,65185000,0,0
2014-06-05,169.59,170.15,169.198,170.042,70730200,0,0
2014-06-06,170.062,170.612,169.682,170.518,71206200,0,0
2014-06-09,170.484,171.152,170.244,170.99,71298800,0,0
2014-06-10,170.996,171.636,170.714,171.482,69715200,0,0
2014-06-11,171.422,171.956,171.104,171.786,72363800,0,0
2014-06-12,171.648,171.984,171.176,171.626,75213200,0,0
2014-06-13,171.48,171.788,170.916,171.406,75877400,0,0
2014-06-16,171.224,171.55,170.65,171.18,80338400,0,0
2014-06-17,170.992,171.432,170.456,171.044,85879400,0,0
2014-06-18,170.98,171.652,170.44,171.28,93178400,0,0
2014-06-19,171.286,171.968,170.914,171.798,89094200,0,0
2014-06-20,171.824,172.448,171.5,172.282,92808200,0.1874,0
2014-06-23,172.358,172.85,171.994,172.726,89445600,0.1874,0
2014-06-24,172.788,173.284,172.276,172.868,91726200,0.1874,0
2014-06-25,172.858,173.346,172.414,172.914,87229200,0.1874,0
2014-06-26,172.878,173.34,172.284,172.894,86905800,0.1874,0
2014-06-27,172.692,173.3,172.142,172.872,81077420,0,0
2014-06-30,172.64,173.322,172.142,172.844,80995460,0,0
2014-07-01,172.76,173.522,172.432,173.256,79842060,0,0
2014-07-02,173.248,173.822,172.912,173.548,73780660,0,0
2014-07-03,173.634,174.292,173.532,174.038,67506020,0,0
2014-07-07,174.136,174.664,173.944,174.338,65556200,0,0
2014-07-08,174.394,174.85,173.986,174.43,73144560,0,0
2014-07-09,174.488,174.792,174.018,174.446,69648960,0,0
2014-07-10,174.164,174.682,173.682,174.288,78961960,0,0
2014-07-11,173.886,174.41,173.354,174.006,81222800,0,0
2014-07-14,173.848,174.388,173.392,174.02,80615200,0,0
2014-07-15,173.948,174.544,173.498,174.196,81248000,0,0
2014-07-16,174.192,174.714,173.696,174.344,82646880,0,0
2014-07-17,174.568,174.934,173.762,174.232,91918480,0,0
2014-07-18,174.592,175.14,173.842,174.426,103935880,0,0
2014-07-21,174.5,175.078,173.664,174.38,105722680,0,0
2014-07-22,174.552,175.158,173.93,174.552,96996880,0,0
2014-07-23,174.62,175.262,174.05,174.672,94122000,0,0
2014-07-24,174.882,175.432,174.584,175.192,76420000,0,0
2014-07-25,175.19,175.494,174.778,175.194,66921400,0,0
2014-07-28,175.31,175.598,174.812,175.276,67254800,0,0
2014-07-29,175.338,175.58,174.644,175.054,69812400,0,0
2014-07-30,175.188,175.414,174.3,174.762,77534400,0,0
2014-07-31,174.618,174.834,173.33,173.78,102852600,0,0
2014-08-01,173.64,174.038,172.31,172.856,125337400,0,0
2014-08-04,172.774,173.368,171.502,172.164,129753600,0,0
2014-08-05,171.878,172.51,170.51,171.29,144198400,0,0
2014-08-06,170.722,171.622,169.612,170.42,142317600,0,0
2014-08-07,170.25,171.152,169.184,170.054,132768400,0,0
2014-08-08,170.054,171.082,169.074,170.186,118319000,0,0
2014-08-11,170.248,171.144,169.366,170.17,114959800,0,0
2014-08-12,170.338,171.24,169.654,170.44,99148200,0,0
2014-08-13,170.9,171.624,170.164,170.93,93994000,0,0
2014-08-14,171.294,172.09,170.948,171.768,78321600,0,0
2014-08-15,172.182,172.67,171.544,172.206,82909000,0,0
2014-08-18,172.684,173.164,172.072,172.836,83085000,0,0
2014-08-19,173.432,173.942,172.868,173.694,80185600,0,0
2014-08-20,174.108,174.666,173.596,174.416,80928800,0,0
2014-08-21,174.802,175.372,174.294,175.076,83012800,0,0
2014-08-22,175.308,175.91,175.076,175.69,70244000,0,0
2014-08-25,175.898,176.466,175.512,176.192,67930200,0,0
2014-08-26,176.338,176.868,176.014,176.536,65562800,0,0
2014-08-27,176.748,177.118,176.342,176.772,60585000,0,0
2014-08-28,176.836,177.21,176.424,176.886,58692800,0,0
2014-08-29,177.034,177.394,176.616,177.154,56652800,0,0
2014-09-02,177.18,177.466,176.74,177.228,58367000,0,0
2014-09-03,177.366,177.57,176.73,177.258,60399800,0,0
2014-09-04,177.438,177.748,176.682,177.25,67872200,0,0
2014-09-05,177.542,177.91,176.686,177.422,76641600,0,0
2014-09-08,177.624,177.996,176.718,177.402,76289400,0,0
2014-09-09,177.526,177.916,176.55,177.174,79522400,0,0
2014-09-10,177.18,177.702,176.294,177.098,81480200,0,0
2014-09-11,176.902,177.482,176.198,177.114,77787880,0,0
2014-09-12,176.89,177.292,176.046,176.764,80834340,0,0
2014-09-15,176.578,176.958,175.758,176.48,83285340,0,0
2014-09-16,176.26,177.01,175.686,176.684,88807340,0,0
2014-09-17,176.498,177.272,175.86,176.804,105610340,0,0
2014-09-18,176.868,177.54,176.21,177.074,111253460,0,0
2014-09-19,177.284,178.022,176.682,177.518,112101400,0.1878,0
2014-09-22,177.66,178.374,176.91,177.712,121931800,0.1878,0
2014-09-23,177.792,178.26,176.976,177.44,120970200,0.1878,0
2014-09-24,177.472,178.074,176.744,177.394,112172200,0.1878,0
2014-09-25,177.226,177.744,176.052,176.586,123234200,0.1878,0
2014-09-26,176.37,177.12,175.364,176.088,119613800,0,0
2014-09-29,175.634,176.678,174.886,175.802,113525600,0,0
2014-09-30,175.502,176.506,174.648,175.626,117507400,0,0
2014-10-01,175.264,175.986,174.006,174.7,131611800,0,0
2014-10-02,174.4,175.276,173.31,174.352,133008800,0,0
2014-10-03,174.22,175.02,173.072,174.106,136613200,0,0
2014-10-06,174.422,174.968,172.99,173.884,138546400,0,0
2014-10-07,173.994,174.51,172.388,173.216,141868600,0,0
2014-10-08,173.402,174.538,172.114,173.624,143601200,0,0
2014-10-09,173.784,174.812,172.154,173.332,154285200,0,0
2014-10-10,173.252,174.226,171.338,172.27,174353200,0,0
2014-10-13,172.03,173.08,169.866,170.692,199585400,0,0
2014-10-14,170.812,172.032,168.768,169.704,213172200,0,0
2014-10-15,169.354,170.392,166.912,167.89,252023000,0,0
2014-10-16,166.996,168.79,165.19,166.742,263960200,0,0
2014-10-17,166.238,168.098,164.68,166.374,262503400,0,0
2014-10-20,165.824,167.974,164.816,166.888,242317800,0,0
2014-10-21,166.402,168.752,165.604,168.02,230138200,0,0
2014-10-22,168.046,170.034,167.504,169.132,184359600,0,0
2014-10-23,170.1,171.566,169.524,170.67,161270200,0,0
2014-10-24,171.312,172.764,170.746,172.084,141930600,0,0
2014-10-27,172.662,173.83,171.984,173.124,132519200,0,0
2014-10-28,173.576,174.58,172.918,173.894,122876600,0,0
2014-10-29,174.312,175.328,173.662,174.856,121023600,0,0
2014-10-30,174.838,175.994,174.22,175.646,112700800,0,0
2014-10-31,176,176.94,175.336,176.576,118496000,0,0
2014-11-03,177.1,178.006,176.452,177.574,120625200,0,0
2014-11-04,177.884,178.572,177.044,178.046,117946600,0,0
2014-11-05,178.592,179.19,177.87,178.798,107777000,0,0
2014-11-06,179.448,179.778,178.624,179.468,106528800,0,0
2014-11-07,179.694,180.094,178.95,179.766,95056200,0,0
2014-11-10,179.954,180.376,179.272,180.158,89600000,0,0
2014-11-11,180.456,180.856,179.91,180.712,81831280,0,0
2014-11-12,180.6,181.148,180.24,181,81513540,0,0
2014-11-13,180.914,181.428,180.52,181.186,77167320,0,0
2014-11-14,181.08,181.586,180.718,181.346,75342820,0,0
2014-11-17,181.162,181.682,180.812,181.416,78167220,0,0
2014-11-18,181.23,181.968,180.952,181.658,82480960,0,0
2014-11-19,181.578,182.2,181.128,181.882,80931500,0,0
2014-11-20,181.596,182.356,181.3,182.128,78427980,0,0
2014-11-21,182.224,182.952,181.702,182.562,90809940,0,0
2014-11-24,182.814,183.452,182.28,183.074,87897900,0,0
2014-11-25,183.364,183.784,182.7,183.352,88505940,0,0
2014-11-26,183.716,184.178,183.186,183.782,84464900,0,0
2014-11-28,184.29,184.562,183.67,184.07,81474860,0,0
2014-12-01,184.07,184.33,183.562,183.906,73803080,0,0
2014-12-02,183.83,184.322,183.362,183.876,75528360,0,0
2014-12-03,183.788,184.386,183.414,184.014,73497100,0,0
2014-12-04,183.832,184.476,183.356,184.018,79326860,0,0
2014-12-05,183.9,184.582,183.47,184.16,85953940,0,0
2014-12-08,184.1,184.864,183.568,184.312,86877900,0,0
2014-12-09,183.844,184.732,183.236,184.202,97012480,0,0
2014-12-10,183.596,184.348,182.496,183.362,115193360,0,0
2014-12-11,182.946,183.978,181.964,182.746,128732600,0,0
2014-12-12,182.016,183.152,180.774,181.482,150993540,0,0
2014-12-15,181.03,182.158,179.504,180.22,167269060,0,0
2014-12-16,180,181.412,178.428,178.7,194141800,0,0
2014-12-17,178.674,180.764,177.602,178.456,212952540,0,0
2014-12-18,178.828,181.97,177.64,178.916,232676760,0,0
2014-12-19,179.704,182.796,178.688,180.12,241227640,0.227,0
2014-12-22,180.754,183.878,180.256,181.738,232898260,0.227,0
2014-12-23,182.662,185.118,182.156,183.69,205423080,0.227,0
2014-12-24,184.568,186.39,184.036,184.958,163233740,0.227,0
2014-12-26,185.406,185.862,185.008,185.456,123172300,0.227,0
2014-12-29,185.726,186.156,185.46,185.848,90084160,0,0
2014-12-30,185.988,186.316,185.646,185.87,75128540,0,0
2014-12-31,185.956,186.308,185.286,185.474,76761720,0,0
2015-01-02,185.662,186.046,184.654,185.056,92462220,0,0
2015-01-05,184.922,185.246,183.422,183.856,114923400,0,0
2015-01-06,183.826,184.128,181.764,182.266,140824900,0,0
2015-01-07,182.612,183.118,180.58,181.322,151186080,0,0
2015-01-08,181.902,182.756,180.33,181.388,154562880,0,0
2015-01-09,181.906,182.674,180.21,181.176,161983160,0,0
2015-01-12,181.948,182.714,180.312,181.342,156935860,0,0
2015-01-13,182.312,183.208,180.606,181.746,158016240,0,0
2015-01-14,181.996,182.92,180.194,181.486,171545120,0,0
2015-01-15,181.57,182.178,179.28,180.256,177424340,0,0
2015-01-16,180.208,181.356,178.394,179.788,188086800,0,0
2015-01-20,179.85,181.02,178.082,179.682,185405800,0,0
2015-01-21,179.38,180.694,178.158,179.862,167083680,0,0
2015-01-22,180.156,181.616,178.83,180.798,163356660,0,0
2015-01-23,180.9,182.346,179.89,181.86,151537240,0,0
2015-01-26,181.96,183.014,180.836,182.542,127563260,0,0
2015-01-27,182.062,183.266,181.116,182.664,128173960,0,0
2015-01-28,182.54,183.38,180.932,182.138,137288280,0,0
2015-01-29,181.894,182.672,180.28,181.404,137134160,0,0
2015-01-30,180.96,181.97,179.266,180.418,153176740,0,0
2015-02-02,180.128,181.34,178.196,179.788,167396200,0,0
2015-02-03,180.132,181.47,178.34,180.164,165429860,0,0
2015-02-04,180.088,181.664,178.984,180.864,158588340,0,0
2015-02-05,180.89,182.378,180.072,181.602,143461900,0,0
2015-02-06,181.962,183.284,181.106,182.692,129050360,0,0
2015-02-09,182.806,183.928,182.228,183.176,113872760,0,0
2015-02-10,183.322,184.334,182.61,183.528,108263020,0,0
2015-02-11,183.802,184.704,183.024,184.042,99619240,0,0
2015-02-12,184.342,185.186,183.416,184.542,99537780,0,0
2015-02-13,184.79,185.652,184.102,185.298,93137460,0,0
2015-02-17,185.616,186.488,184.988,186.278,91087300,0,0
2015-02-18,186.29,187.04,185.82,186.87,87985040,0,0
2015-02-19,186.79,187.57,186.43,187.414,88059980,0,0
2015-02-20,187.074,187.988,186.744,187.83,96730080,0,0
2015-02-23,187.408,188.232,187.052,188.086,92878220,0,0
2015-02-24,187.716,188.542,187.35,188.39,91979040,0,0
2015-02-25,188.074,188.904,187.686,188.658,90460800,0,0
2015-02-26,188.452,189.136,187.938,188.908,86707880,0,0
2015-02-27,188.77,189.18,188.272,188.804,80143800,0,0
2015-03-02,188.742,189.332,188.314,188.944,82759860,0,0
2015-03-03,188.804,189.332,188.192,188.82,90330560,0,0
2015-03-04,188.58,189.02,187.806,188.57,98617660,0,0
2015-03-05,188.418,188.856,187.662,188.406,99452680,0,0
2015-03-06,188.09,188.562,187.038,187.84,115463080,0,0
2015-03-09,187.546,187.978,186.472,187.19,115928580,0,0
2015-03-10,186.696,187.042,185.552,186.092,125287680,0,0
2015-03-11,185.782,186.15,184.72,185.068,124417380,0,0
2015-03-12,184.824,185.504,183.89,184.468,127841480,0,0
2015-03-13,184.35,185.146,183.44,184.17,122698060,0,0
2015-03-16,184.166,185.128,183.138,184.21,131954120,0,0
2015-03-17,184.34,185.416,183.504,184.744,119431940,0,0
2015-03-18,184.716,186.446,183.9,185.81,143164500,0,0
2015-03-19,185.556,187.034,184.584,186.238,147949260,0,0
2015-03-20,186.25,187.754,185.628,187.224,151010100,0.1862,0
2015-03-23,187.08,188.354,186.536,187.646,138147160,0.1862,0
2015-03-24,187.634,188.874,187.018,187.966,134806140,0.1862,0
2015-03-25,188.1,188.698,187.02,187.29,120948780,0.1862,0
2015-03-26,187.37,188.13,186.306,186.698,127978760,0.1862,0
2015-03-27,186.548,187.22,185.482,185.86,116223540,0,0
2015-03-30,185.932,186.772,184.936,185.546,121102720,0,0
2015-03-31,185.468,186.36,184.508,185.116,130895400,0,0
2015-04-01,184.988,185.834,184.292,185.106,126451780,0,0
2015-04-02,185.108,185.944,184.522,185.316,113218520,0,0
2015-04-06,185.15,186.392,184.578,185.692,112304360,0,0
2015-04-07,185.308,186.418,184.628,185.516,109315540,0,0
2015-04-08,185.36,186.492,184.758,185.794,101832180,0,0
2015-04-09,185.608,186.988,185.238,186.368,91481240,0,0
2015-04-10,186.25,187.546,185.876,187.014,88645640,0,0
2015-04-13,187.058,187.938,186.562,187.24,80659320,0,0
2015-04-14,187.234,188.11,186.716,187.638,79432040,0,0
2015-04-15,187.682,188.564,187.23,188.078,81467520,0,0
2015-04-16,188.086,188.888,187.698,188.342,78144720,0,0
2015-04-17,188.038,188.732,187.348,187.968,101822780,0,0
2015-04-20,187.892,188.664,187.334,188.104,105373360,0,0
2015-04-21,188.22,188.87,187.538,188.124,104865340,0,0
2015-04-22,188.212,188.836,187.35,188.16,100612400,0,0
2015-04-23,188.234,189.008,187.388,188.302,107342600,0,0
2015-04-24,188.724,189.5,188.124,188.966,81385440,0,0
2015-04-27,189.312,189.9,188.408,189.132,78819160,0,0
2015-04-28,189.324,190.014,188.424,189.462,81679900,0,0
2015-04-29,189.39,190.092,188.55,189.452,91163960,0,0
2015-04-30,189.342,189.806,188.122,188.966,102907760,0,0
2015-05-01,188.936,189.592,187.794,188.798,111322220,0,0
2015-05-04,188.738,189.51,187.894,188.896,109636040,0,0
2015-05-05,188.79,189.504,187.788,188.44,114928580,0,0
2015-05-06,188.644,189.26,187.278,187.986,116803640,0,0
2015-05-07,188.292,189.086,187.26,188.06,102191640,0,0
2015-05-08,188.558,189.28,187.53,188.222,112687160,0,0
2015-05-11,188.618,189.256,187.426,188.094,113643340,0,0
2015-05-12,188.364,189.106,187.406,188.288,114923620,0,0
2015-05-13,188.528,189.338,187.94,188.642,106845160,0,0
2015-05-14,189.124,189.866,188.548,189.242,108382980,0,0
2015-05-15,189.404,190.002,188.74,189.39,92509540,0,0
2015-05-18,189.526,190.274,189.034,189.838,92277860,0,0
2015-05-19,190.176,190.802,189.764,190.384,82755260,0,0
2015-05-20,190.656,191.262,190.26,190.898,79193180,0,0
2015-05-21,190.92,191.518,190.548,191.13,72959300,0,0
2015-05-22,191.026,191.684,190.738,191.228,69143980,0,0
2015-05-26,191.054,191.596,190.388,190.796,79095760,0,0
2015-05-27,190.698,191.49,190.042,190.738,83315640,0,0
2015-05-28,190.552,191.276,189.886,190.662,82939060,0,0
2015-05-29,190.492,191.04,189.582,190.238,94970060,0,0
2015-06-01,190.296,190.826,189.17,189.982,102151120,0,0
2015-06-02,190.048,190.696,189.182,190.102,95595600,0,0
2015-06-03,190.182,190.64,189.284,189.962,94516980,0,0
2015-06-04,189.956,190.508,188.946,189.544,109898620,0,0
2015-06-05,189.52,190.176,188.616,189.298,109255640,0,0
2015-06-08,189.106,189.722,188.216,188.744,108400540,0,0
2015-06-09,188.644,189.168,187.752,188.22,111101280,0,0
2015-06-10,188.172,188.942,187.388,188.046,120447360,0,0
2015-06-11,188.244,188.984,187.648,188.316,104846080,0,0
2015-06-12,188.368,189.144,187.774,188.358,107581620,0,0
2015-06-15,188.19,189.078,187.666,188.472,114645800,0,0
2015-06-16,188.278,189.302,187.852,188.796,110700500,0,0
2015-06-17,188.498,189.286,187.862,188.732,109131960,0,0
2015-06-18,188.468,189.51,187.76,188.938,127530260,0,0
2015-06-19,188.8,189.708,188.066,189.266,126549520,0.206,0
2015-06-22,189.57,190.458,188.942,189.95,115811880,0.206,0
2015-06-23,190.33,191.018,189.638,190.456,112445600,0.206,0
2015-06-24,190.716,191.356,190.022,190.622,105565340,0.206,0
2015-06-25,190.862,191.166,190.05,190.282,91813240,0.206,0
2015-06-26,190.65,190.992,189.832,190.104,86552460,0,0
2015-06-29,189.954,190.494,188.694,188.936,112937520,0,0
2015-06-30,189.074,189.572,187.56,187.82,135827180,0,0
2015-07-01,188.356,188.826,186.854,187.28,144561700,0,0
2015-07-02,187.81,188.288,186.322,186.82,146014960,0,0
2015-07-06,186.996,187.758,185.668,186.26,148775080,0,0
2015-07-07,186.8,187.458,185.448,186.73,143014860,0,0
2015-07-08,186.648,187.356,185.262,186.492,139233860,0,0
2015-07-09,186.522,187.232,184.94,186.022,140860500,0,0
2015-07-10,186.382,187.18,184.604,186.052,145877140,0,0
2015-07-13,186.962,187.586,185.22,186.602,143495940,0,0
2015-07-14,187.46,188.106,186.22,187.082,125073820,0,0
2015-07-15,188.238,188.922,187.264,188.178,111852620,0,0
2015-07-16,189.11,189.816,188.492,189.514,104366660,0,0
2015-07-17,190.012,190.64,189.728,190.416,96281280,0,0
2015-07-20,190.69,191.232,190.318,190.926,89156760,0,0
2015-07-21,191.178,191.536,190.632,191.118,88407840,0,0
2015-07-22,191.214,191.624,190.784,191.256,86558600,0,0
2015-07-23,191.152,191.506,190.454,190.872,83323760,0,0
2015-07-24,190.792,191.114,189.696,190.064,89068760,0,0
2015-07-27,189.744,190.098,188.622,189.018,101451620,0,0
2015-07-28,188.908,189.514,187.794,188.582,110567580,0,0
2015-07-29,188.646,189.382,187.51,188.474,113992260,0,0
2015-07-30,188.4,189.268,187.45,188.59,114151320,0,0
2015-07-31,188.602,189.462,187.912,189.04,111253700,0,0
2015-08-03,189.238,190,188.344,189.58,107574620,0,0
2015-08-04,189.582,190.136,188.704,189.588,99229820,0,0
2015-08-05,189.758,190.184,188.78,189.462,95228920,0,0
2015-08-06,189.78,190.076,188.46,189.016,100174200,0,0
2015-08-07,189.192,189.516,187.866,188.556,103092420,0,0
2015-08-10,188.978,189.542,187.978,188.698,96353420,0,0
2015-08-11,188.846,189.4,187.79,188.57,105205540,0,0
2015-08-12,188.244,189.01,187.002,188.362,122472920,0,0
2015-08-13,187.964,188.854,187.068,188.418,117143420,0,0
2015-08-14,188.014,189.064,187.318,188.684,108129120,0,0
2015-08-17,187.912,189.048,187.116,188.686,107889500,0,0
2015-08-18,188.146,189.268,187.466,188.922,97011760,0,0
2015-08-19,188.502,189.424,187.824,188.814,97176220,0,0
2015-08-20,188.102,189.196,187.082,187.968,118165140,0,0
2015-08-21,186.894,188.192,185.146,185.878,172925540,0,0
2015-08-24,183.066,185.828,180.5,182.076,258559880,0,0
2015-08-25,180.39,183.08,176.392,177.982,318187960,0,0
2015-08-26,177.322,180.336,172.97,175.482,351450160,0,0
2015-08-27,175.61,178.736,171.404,174.636,367413360,0,0
2015-08-28,175.026,177.996,171.476,174.898,330178540,0,0
2015-08-31,176.942,178.294,174.112,176.37,261389440,0,0
2015-09-01,176.526,178.172,174.8,177.18,238622900,0,0
2015-09-02,176.984,178.292,175.53,177.352,202825360,0,0
2015-09-03,176.846,178.046,175.484,176.68,178414140,0,0
2015-09-04,175.828,176.968,174.346,175.472,187747460,0,0
2015-09-08,175.436,176.694,174.014,175.43,178292840,0,0
2015-09-09,176.554,177.542,174.666,175.976,156962300,0,0
2015-09-10,176.544,177.86,174.996,176.054,156630660,0,0
2015-09-11,176.386,177.638,174.918,176.27,150151340,0,0
2015-09-14,177.124,178.206,175.606,176.888,124625540,0,0
2015-09-15,177.246,178.454,175.748,177.074,124181640,0,0
2015-09-16,177.156,178.622,176.48,178.046,114228420,0,0
2015-09-17,178.14,179.644,177.388,178.746,137715520,0,0
2015-09-18,178.382,180.166,177.648,178.696,158508780,0.2066,0
2015-09-21,178.476,180.472,177.792,178.96,163763620,0.2066,0
2015-09-22,178.166,179.838,177.36,178.32,171780560,0.2066,0
2015-09-23,177.498,178.986,176.55,177.314,170422360,0.2066,0
2015-09-24,176.26,177.466,175.156,176.264,147088800,0.2066,0
2015-09-25,176.066,176.798,174.586,175.792,133368260,0,0
2015-09-28,175.22,175.752,173.214,174.26,147926200,0,0
2015-09-29,174.202,174.896,172.194,173.21,148957140,0,0
2015-09-30,173.524,174.382,171.564,172.854,163089420,0,0
2015-10-01,173.51,174.208,171.43,172.714,157429460,0,0
2015-10-02,172.628,174.214,170.942,173.104,168619160,0,0
2015-10-05,173.476,175.452,172.518,175.002,158180140,0,0
2015-10-06,175.296,177.128,174.342,176.756,148425920,0,0
2015-10-07,176.844,178.578,175.8,178.166,140596980,0,0
2015-10-08,178.09,180.22,177.388,179.812,144992220,0,0
2015-10-09,180.194,181.464,179.466,180.96,124205400,0,0
2015-10-12,181.094,182.012,180.296,181.512,110220360,0,0
2015-10-13,181.518,182.588,180.85,181.958,105773200,0,0
2015-10-14,181.75,182.776,181.114,181.936,100732980,0,0
2015-10-15,181.956,182.922,181.306,182.142,96950380,0,0
2015-10-16,182.22,183.174,181.548,182.494,98452560,0,0
2015-10-19,182.416,183.466,181.768,182.83,102478220,0,0
2015-10-20,182.816,183.77,182.22,183.348,100560180,0,0
2015-10-21,183.436,184.3,182.712,183.812,101146540,0,0
2015-10-22,183.96,184.872,183.112,184.34,109300440,0,0
2015-10-23,184.76,185.718,183.906,185.108,115272880,0,0
2015-10-26,185.63,186.442,184.71,185.766,113774700,0,0
2015-10-27,186.236,187.016,185.298,186.4,113666160,0,0
2015-10-28,186.852,187.956,186.124,187.688,120439900,0,0
2015-10-29,187.826,188.638,187.276,188.336,103562660,0,0
2015-10-30,188.154,188.908,187.538,188.412,100889580,0,0
2015-11-02,188.338,189.498,187.83,189.026,104337140,0,0
2015-11-03,189.022,190.342,188.538,189.822,107805200,0,0
2015-11-04,189.81,190.8,189.174,190.076,99868760,0,0
2015-11-05,190.188,191.11,189.334,190.314,97445400,0,0
2015-11-06,190.312,191.27,189.464,190.696,93324320,0,0
2015-11-09,190.492,191.064,189.242,190.278,102271900,0,0
2015-11-10,190.046,190.51,188.788,189.836,98397600,0,0
2015-11-11,189.598,190.046,188.416,189.362,92721900,0,0
2015-11-12,188.884,189.334,187.642,188.4,101303200,0,0
2015-11-13,187.908,188.31,186.55,187.04,109924320,0,0
2015-11-16,186.642,187.622,185.686,186.594,107251620,0,0
2015-11-17,186.366,187.338,185.268,186.034,116301440,0,0
2015-11-18,185.852,187.33,184.964,186.214,127000740,0,0
2015-11-19,186.232,187.692,185.578,186.886,120381800,0,0
2015-11-20,187.156,188.68,186.742,188.114,108468680,0,0
2015-11-23,188.434,189.458,187.892,188.738,97925880,0,0
2015-11-24,188.776,189.964,188.35,189.442,93476020,0,0
2015-11-25,189.402,190.116,188.898,189.548,79603540,0,0
2015-11-27,189.554,190.252,189.016,189.732,69423000,0,0
2015-11-30,189.608,190.21,188.962,189.62,73185240,0,0
2015-12-01,189.62,190.362,189.068,189.912,79770680,0,0
2015-12-02,190.118,190.574,189.216,189.762,81684060,0,0
2015-12-03,189.998,190.468,188.444,189.09,104532880,0,0
2015-12-04,189.306,190.498,187.856,189.1,135652100,0,0
2015-12-07,189.212,190.468,187.61,189.038,133492980,0,0
2015-12-08,188.678,190.01,187.006,188.362,134595780,0,0
2015-12-09,187.874,189.59,186.272,187.784,145387820,0,0
2015-12-10,187.256,189.278,186.342,187.83,135368760,0,0
2015-12-11,186.846,188.222,185.598,186.428,139020640,0,0
2015-12-14,185.548,187.012,184.284,185.44,155092260,0,0
2015-12-15,185.222,186.616,183.756,185.092,165231700,0,0
2015-12-16,185.256,186.564,183.868,185.58,172154800,0,0
2015-12-17,185.796,186.754,183.814,185.398,183547520,0,0
2015-12-18,185.91,186.752,183.726,185.276,191591560,0.2424,0
2015-12-21,186.008,186.758,183.966,185.27,174933380,0.2424,0
2015-12-22,185.868,186.568,183.944,185.212,166324700,0.2424,0
2015-12-23,185.784,186.37,184.126,185.07,149118740,0.2424,0
2015-12-24,185.52,186.202,184.452,185.44,124208160,0.2424,0
2015-12-28,185.9,186.628,185.2,186.386,87109440,0,0
2015-12-29,186.83,187.704,186.364,187.432,85818720,0,0
2015-12-30,187.63,188.318,187.132,187.876,76277020,0,0
2015-12-31,187.71,188.284,187.002,187.484,77055160,0,0
2016-01-04,186.756,187.318,185.758,186.634,111817940,0,0
2016-01-05,186.126,186.704,185.05,185.932,120807120,0,0
2016-01-06,184.636,185.296,183.432,184.368,132701500,0,0
2016-01-07,182.488,183.514,181.214,182.202,162725180,0,0
2016-01-08,180.676,181.684,178.972,180.022,181713040,0,0
2016-01-11,179.312,180.294,177.372,178.398,174830600,0,0
2016-01-12,177.93,178.954,175.746,176.994,187127540,0,0
2016-01-13,177.22,178.004,174.066,175.172,200938800,0,0
2016-01-14,176.166,177.242,172.984,174.784,206410700,0,0
2016-01-15,174.63,175.948,171.88,174.036,229416540,0,0
2016-01-19,174.074,175.346,171.22,173.296,230877160,0,0
2016-01-20,172.47,174.06,169.376,171.836,253720620,0,0
2016-01-21,170.968,172.968,168.694,171.446,248641420,0,0
2016-01-22,171.01,172.512,168.916,171.19,234146220,0,0
2016-01-25,171.584,172.766,169.26,171.158,195251280,0,0
2016-01-26,171.302,172.844,169.592,171.55,184409760,0,0
2016-01-27,172.132,173.586,170.692,172.002,164236540,0,0
2016-01-28,172.816,173.83,171.15,172.442,153841720,0,0
2016-01-29,172.86,174.398,171.332,173.026,162283660,0,0
2016-02-01,173.336,175.206,172.14,174.122,163421640,0,0
2016-02-02,173.982,175.468,172.416,174.114,171727260,0,0
2016-02-03,174.316,175.508,172.424,174.692,175601900,0,0
2016-02-04,174.452,175.972,172.936,175.146,174748500,0,0
2016-02-05,174.63,175.57,172.448,174.092,168800300,0,0
2016-02-08,173.398,174.028,170.8,172.592,179893320,0,0
2016-02-09,171.83,173.11,169.644,171.73,180282960,0,0
2016-02-10,170.918,172.482,169.282,170.63,168914800,0,0
2016-02-11,169.392,170.904,167.664,169.036,184820220,0,0
2016-02-12,168.292,169.988,167.074,168.796,174189040,0,0
2016-02-16,168.838,170.66,167.954,169.59,159933840,0,0
2016-02-17,170.26,171.824,169.378,170.948,150233120,0,0
2016-02-18,171.498,172.724,170.582,172.192,141058900,0,0
2016-02-19,173.108,174.198,172.288,173.86,120205720,0,0
2016-02-22,174.732,175.712,174.08,175.346,115407300,0,0
2016-02-23,175.686,176.534,174.91,175.81,113648220,0,0
2016-02-24,175.59,176.572,174.602,175.868,116608760,0,0
2016-02-25,175.686,176.986,174.804,176.496,118285820,0,0
2016-02-26,176.67,177.806,175.616,177.058,121293960,0,0
2016-02-29,176.896,178.038,175.532,176.836,125749520,0,0
2016-03-01,177.08,178.748,175.946,177.892,131818400,0,0
2016-03-02,178.376,179.756,177.392,178.95,122138960,0,0
2016-03-03,179.3,180.532,178.356,179.724,119027740,0,0
2016-03-04,179.928,181.384,179.11,180.698,118919720,0,0
2016-03-07,180.7,182.268,180.19,181.98,113779900,0,0
2016-03-08,181.486,182.58,180.876,182.032,110214940,0,0
2016-03-09,181.782,182.714,181.092,182.102,108692180,0,0
2016-03-10,181.996,182.946,180.958,182.058,121025480,0,0
2016-03-11,182.224,183.212,181.046,182.484,122759660,0,0
2016-03-14,182.738,183.57,181.506,182.832,117438260,0,0
2016-03-15,183.11,184.046,182.024,183.52,111277100,0,0
2016-03-16,183.518,184.78,182.592,184.242,118177500,0,0
2016-03-17,184.116,185.538,183.576,185.17,113665460,0,0
2016-03-18,184.838,186.09,184.548,185.658,113747040,0.21,0
2016-03-21,185.378,186.63,185.108,186.246,113609980,0.21,0
2016-03-22,186.008,187.316,185.758,186.874,114470540,0.21,0
2016-03-23,186.658,187.602,186.216,187.04,104820400,0.21,0
2016-03-24,186.622,187.416,186.218,186.956,94836880,0.21,0
2016-03-28,186.52,187.248,186.02,186.746,79644040,0,0
2016-03-29,186.28,187.304,185.764,186.828,83643280,0,0
2016-03-30,186.746,187.604,186.136,187.096,81421960,0,0
2016-03-31,187.076,187.986,186.562,187.52,84128280,0,0
2016-04-01,187.506,188.716,186.972,188.216,90140800,0,0
2016-04-04,188.096,189.304,187.554,188.768,90358560,0,0
2016-04-05,188.446,189.49,187.828,188.598,91706420,0,0
2016-04-06,188.058,189.42,187.532,188.672,92801320,0,0
2016-04-07,187.916,189.264,187.12,188.384,96656300,0,0
2016-04-08,188.098,189.026,187.1,187.942,92779720,0,0
2016-04-11,187.808,188.844,186.738,187.534,96831820,0,0
2016-04-12,187.726,188.842,186.702,187.852,99969500,0,0
2016-04-13,188.242,189.138,187.226,188.14,100868820,0,0
2016-04-14,188.78,189.694,188.054,188.884,91139600,0,0
2016-04-15,189.268,190.12,188.7,189.484,87283800,0,0
2016-04-18,189.732,190.708,189.266,190.44,87038500,0,0
2016-04-19,190.744,191.432,190.228,191.17,81631600,0,0
2016-04-20,191.284,191.948,190.696,191.556,78584380,0,0
2016-04-21,191.66,192.252,190.888,191.732,82680800,0,0
2016-04-22,191.76,192.458,190.982,191.95,87378820,0,0
2016-04-25,191.848,192.344,191.08,191.834,84105920,0,0
2016-04-26,191.72,192.22,190.972,191.654,81615540,0,0
2016-04-27,191.45,192.016,190.726,191.516,80861360,0,0
2016-04-28,191.146,191.926,190.416,191.238,83165600,0,0
2016-04-29,190.81,191.53,189.888,190.754,91800080,0,0
2016-05-02,190.564,191.442,189.682,190.638,91004380,0,0
2016-05-03,190.102,190.942,189.118,190.132,97115960,0,0
2016-05-04,189.464,190.216,188.452,189.336,100098840,0,0
2016-05-05,188.932,189.522,187.996,188.882,94179440,0,0
2016-05-06,188.444,189.272,187.786,188.77,83557620,0,0
2016-05-09,188.198,188.946,187.592,188.388,85995000,0,0
2016-05-10,188.234,189.254,187.842,188.808,80205020,0,0
2016-05-11,188.768,189.748,188.224,189.082,78101660,0,0
2016-05-12,189.084,190.026,188.388,189.372,82495080,0,0
2016-05-13,189.478,190.226,188.48,189.196,83927000,0,0
2016-05-16,189.366,190.398,188.394,189.36,84549380,0,0
2016-05-17,189.318,190.09,187.952,188.7,92039920,0,0
2016-05-18,188.682,189.68,187.426,188.408,99706940,0,0
2016-05-19,188.09,189.138,186.952,187.976,104875780,0,0
2016-05-20,187.854,188.998,187.04,188.11,106578940,0,0
2016-05-23,187.954,188.722,187.06,187.822,102818100,0,0
2016-05-24,187.902,188.986,187.41,188.376,98540680,0,0
2016-05-25,188.678,189.622,188.188,189.178,89852540,0,0
2016-05-26,189.664,190.57,189.322,190.12,77822580,0,0
2016-05-27,190.51,191.332,190.166,190.992,69666740,0,0
2016-05-31,191.436,192.222,190.934,191.84,79906100,0,0
2016-06-01,191.976,192.634,191.438,192.278,75185780,0,0
2016-06-02,192.182,192.846,191.688,192.576,72470440,0,0
2016-06-03,192.332,193.026,191.668,192.748,81765720,0,0
2016-06-06,192.546,193.304,191.858,192.95,81900880,0,0
2016-06-07,192.724,193.606,192.282,193.288,72119960,0,0
2016-06-08,193.222,193.98,192.796,193.674,71366900,0,0
2016-06-09,193.536,194.216,193.154,193.888,73515340,0,0
2016-06-10,193.574,194.248,193.258,193.85,75929760,0,0
2016-06-13,193.328,193.992,192.864,193.32,86502600,0,0
2016-06-14,192.68,193.332,192.024,192.652,99319500,0,0
2016-06-15,191.984,192.752,191.26,191.806,107910220,0,0
2016-06-16,191.296,192.084,190.234,191.126,123059460,0,0
2016-06-17,190.89,191.61,189.756,190.672,123704760,0.2156,0
2016-06-20,190.99,191.67,189.844,190.76,116712440,0.2156,0
2016-06-21,191.244,191.902,190.2,191.032,106192920,0.2156,0
2016-06-22,191.554,192.128,190.472,191.294,103480120,0.2156,0
2016-06-23,192.13,192.75,191.346,191.942,94119780,0.2156,0
2016-06-24,191.478,193.422,190.788,191.338,137397520,0,0
2016-06-27,190.146,191.946,189.11,189.818,166994760,0,0
2016-06-28,188.89,190.898,187.884,188.852,184378900,0,0
2016-06-29,188.188,190.424,187.292,188.586,192732520,0,0
2016-06-30,187.71,190.178,186.792,188.342,205190620,0,0
2016-07-01,188.788,190.112,188.002,189.572,159712800,0,0
2016-07-05,190.144,191.49,189.672,191.194,135518380,0,0
2016-07-06,191.314,192.7,190.766,192.384,122846200,0,0
2016-07-07,192.242,193.386,191.488,192.914,112499240,0,0
2016-07-08,192.95,194.014,192.266,193.498,106289060,0,0
2016-07-11,193.634,194.674,192.942,194.14,99804780,0,0
2016-07-12,194.662,195.82,193.996,195.346,98099160,0,0
2016-07-13,196.064,196.862,195.34,196.316,96359680,0,0
2016-07-14,197.266,197.97,196.634,197.53,97487100,0,0
2016-07-15,198.32,198.72,197.468,198.116,92123980,0,0
2016-07-18,198.832,199.186,197.968,198.67,89142380,0,0
2016-07-19,199.088,199.358,198.372,198.898,79756400,0,0
2016-07-20,199.226,199.712,198.71,199.298,73923480,0,0
2016-07-21,199.33,199.814,198.728,199.324,69232760,0,0
2016-07-22,199.262,199.866,198.874,199.584,60359180,0,0
2016-07-25,199.452,199.95,198.93,199.628,59788620,0,0
2016-07-26,199.564,200.122,198.954,199.732,62935580,0,0
2016-07-27,199.748,200.104,198.85,199.626,68120460,0,0
2016-07-28,199.624,200.084,198.85,199.72,67572140,0,0
2016-07-29,199.634,200.128,198.856,199.698,70918520,0,0
2016-08-01,199.668,200.238,198.936,199.752,74406180,0,0
2016-08-02,199.69,200.176,198.718,199.53,78849180,0,0
2016-08-03,199.376,199.988,198.626,199.468,72831120,0,0
2016-08-04,199.38,199.926,198.348,199.4,69141080,0,0
2016-08-05,199.37,200.054,198.398,199.594,67615640,0,0
2016-08-08,199.594,200.214,198.644,199.798,60934660,0,0
2016-08-09,199.868,200.57,199.238,200.282,52725900,0,0
2016-08-10,200.388,200.966,199.626,200.552,53515400,0,0
2016-08-11,200.748,201.364,200.308,200.966,58699160,0,0
2016-08-12,201.096,201.452,200.6,201.018,56583420,0,0
2016-08-15,201.186,201.632,200.81,201.21,58564820,0,0
2016-08-16,201.272,201.616,200.84,201.17,58957200,0,0
2016-08-17,201.216,201.64,200.802,201.304,62395840,0,0
2016-08-18,201.23,201.634,200.85,201.342,58492840,0,0
2016-08-19,201.232,201.642,200.804,201.358,61318740,0,0
2016-08-22,201.116,201.514,200.61,201.256,63629800,0,0
2016-08-23,201.236,201.684,200.784,201.442,63666920,0,0
2016-08-24,201.384,201.754,200.846,201.346,62985840,0,0
2016-08-25,201.212,201.622,200.664,201.132,66232940,0,0
2016-08-26,201.14,201.69,200.39,200.9,75645600,0,0
2016-08-29,200.988,201.666,200.312,200.868,77472280,0,0
2016-08-30,200.806,201.48,200.026,200.69,78415340,0,0
2016-08-31,200.586,201.266,199.862,200.604,81123460,0,0
2016-09-01,200.58,201.182,199.642,200.548,86847340,0,0
2016-09-02,200.668,201.136,199.908,200.748,78204860,0,0
2016-09-06,200.9,201.218,199.992,200.872,75444840,0,0
2016-09-07,201.006,201.334,200.166,201.058,79132920,0,0
2016-09-08,201.192,201.552,200.476,201.266,76899600,0,0
2016-09-09,201.118,201.422,199.964,200.508,101648580,0,0
2016-09-12,200.012,201.042,198.972,200.134,119411980,0,0
2016-09-13,199.302,200.31,197.984,199.064,144637320,0,0
2016-09-14,198.28,199.478,196.916,197.984,156163440,0,0
2016-09-15,197.238,198.888,195.92,197.388,168228440,0,0
2016-09-16,196.794,198.472,195.994,197.604,154957900,0.2164,0
2016-09-19,197.314,198.316,196.324,197.262,137385820,0.2164,0
2016-09-20,197.434,198.414,196.686,197.496,114753120,0.2164,0
2016-09-21,197.808,198.86,197.058,198.188,109972900,0.2164,0
2016-09-22,198.754,199.394,197.99,198.74,98423060,0.2164,0
2016-09-23,199.354,199.986,198.602,199.224,82101960,0,0
2016-09-26,199.518,200.052,198.784,199.378,84017320,0,0
2016-09-27,199.452,200.252,198.828,199.776,85783220,0,0
2016-09-28,199.746,200.398,199.064,199.928,81208540,0,0
2016-09-29,199.634,200.276,198.57,199.466,91486920,0,0
2016-09-30,199.436,200.32,198.474,199.524,100201320,0,0
2016-10-03,199.584,200.47,198.664,199.81,98938280,0,0
2016-10-04,199.928,200.562,198.732,199.646,107228940,0,0
2016-10-05,199.85,200.434,198.846,199.46,104309940,0,0
2016-10-06,199.66,200.28,198.974,199.664,91281300,0,0
2016-10-07,199.742,200.128,198.758,199.43,85798380,0,0
2016-10-10,199.806,200.25,198.934,199.5,79466960,0,0
2016-10-11,199.76,200.17,198.672,199.268,81550820,0,0
2016-10-12,199.424,199.836,198.242,198.912,81760840,0,0
2016-10-13,198.83,199.382,197.59,198.398,89446760,0,0
2016-10-14,198.47,199.084,197.374,198.042,90158340,0,0
2016-10-17,197.902,198.47,196.666,197.342,91442480,0,0
2016-10-18,197.638,198.206,196.794,197.394,80742940,0,0
2016-10-19,197.718,198.264,196.904,197.5,79273560,0,0
2016-10-20,198.034,198.438,197.256,197.662,73730120,0,0
2016-10-21,197.984,198.324,197.206,197.822,72878700,0,0
2016-10-24,198.338,198.682,197.634,198.286,73252880,0,0
2016-10-25,198.42,198.806,197.766,198.372,71187400,0,0
2016-10-26,198.27,198.766,197.642,198.272,73024660,0,0
2016-10-27,198.402,198.782,197.636,198.14,73740740,0,0
2016-10-28,198.264,198.754,197.442,197.874,84047560,0,0
2016-10-31,197.88,198.36,197.05,197.442,84272740,0,0
2016-11-01,197.556,197.99,196.24,196.856,95520640,0,0
2016-11-02,197.082,197.374,195.554,196.114,101045700,0,0
2016-11-03,196.232,196.564,194.698,195.302,103389520,0,0
2016-11-04,195.45,195.816,194.082,194.562,97089300,0,0
2016-11-07,194.638,195.816,193.376,194.672,106793780,0,0
2016-11-08,194.594,196.146,193.89,195.246,103591840,0,0
2016-11-09,194.912,197.258,194.466,196.476,134611480,0,0
2016-11-10,196.264,198.752,195.718,197.982,151246280,0,0
2016-11-11,197.592,200.014,197.002,199.44,149532400,0,0
2016-11-14,199.162,200.77,198.33,200.078,146489420,0,0
2016-11-15,199.966,201.42,199.148,200.85,143465520,0,0
2016-11-16,200.928,201.612,200.09,201.126,104903260,0,0
2016-11-17,201.068,201.75,200.59,201.51,84440040,0,0
2016-11-18,201.62,202.226,201.14,201.896,81582660,0,0
2016-11-21,202.018,202.764,201.748,202.554,77147180,0,0
2016-11-22,202.662,203.23,202.29,202.98,72302460,0,0
2016-11-23,203.11,203.716,202.72,203.504,70502960,0,0
2016-11-25,203.674,204.18,203.292,203.972,64117980,0,0
2016-11-28,204.062,204.59,203.676,204.338,62179320,0,0
2016-11-29,204.312,204.824,203.892,204.48,61676140,0,0
2016-11-30,204.518,205.014,204,204.444,70848700,0,0
2016-12-01,204.656,205.008,203.89,204.236,75332760,0,0
2016-12-02,204.392,204.766,203.566,203.896,82726360,0,0
2016-12-05,204.298,204.75,203.576,203.992,80979420,0,0
2016-12-06,204.426,204.806,203.668,204.138,78977560,0,0
2016-12-07,204.406,205.334,203.866,204.918,78466820,0,0
2016-12-08,205.118,206.254,204.812,205.95,82601600,0,0
2016-12-09,206.18,207.416,205.944,207.214,85234700,0,0
2016-12-12,207.244,208.446,206.934,208.186,92070360,0,0
2016-12-13,208.318,209.668,208.108,209.308,102190380,0,0
2016-12-14,209.41,210.328,208.848,209.546,108543120,0,0
2016-12-15,209.704,210.72,209.15,209.854,113594760,0,0
2016-12-16,210.062,210.884,209.264,209.828,127277640,0.2658,0
2016-12-19,210.096,210.956,209.384,209.942,124942640,0.2658,0
2016-12-20,210.182,210.874,209.422,209.938,120814900,0.2658,0
2016-12-21,210.214,210.79,209.742,210.164,105896340,0.2658,0
2016-12-22,210.356,210.652,209.808,210.146,92145640,0.2658,0
2016-12-23,210.248,210.584,209.91,210.27,68201160,0,0
2016-12-27,210.39,210.716,210.08,210.408,58667440,0,0
2016-12-28,210.468,210.72,209.78,210.034,53518680,0,0
2016-12-29,210.138,210.43,209.42,209.77,49676100,0,0
2016-12-30,209.976,210.26,209.012,209.424,60231940,0,0
2017-01-03,209.904,210.282,208.764,209.338,71165680,0,0
2017-01-04,209.83,210.286,208.692,209.394,78380060,0,0
2017-01-05,209.776,210.284,208.918,209.768,81236860,0,0
2017-01-06,210.158,210.816,209.302,210.3,85809620,0,0
2017-01-09,210.564,211.234,209.988,210.846,73397900,0,0
2017-01-10,210.832,211.534,210.384,211.072,67878980,0,0
2017-01-11,210.97,211.6,210.38,211.17,67060100,0,0
2017-01-12,211.012,211.632,210.284,211.194,65806940,0,0
2017-01-13,211.048,211.568,210.432,211.164,64038540,0,0
2017-01-17,210.936,211.514,210.318,211.126,66898760,0,0
2017-01-18,210.948,211.394,210.298,211.18,65103040,0,0
2017-01-19,211.038,211.376,210.264,210.958,63494800,0,0
2017-01-20,211.076,211.48,210.452,210.996,74905880,0,0
2017-01-23,211.078,211.37,210.186,210.828,77374620,0,0
2017-01-24,211.096,211.612,210.274,211.078,84237520,0,0
2017-01-25,211.498,212.128,210.76,211.604,90166400,0,0
2017-01-26,211.974,212.632,211.432,212.242,88838780,0,0
2017-01-27,212.48,213.058,211.95,212.658,74947280,0,0
2017-01-30,212.746,213.316,212.164,212.92,75882420,0,0
2017-01-31,212.854,213.226,212.172,212.908,71947520,0,0
2017-02-01,212.636,213.044,211.88,212.544,70883520,0,0
2017-02-02,212.304,212.744,211.472,212.252,72820900,0,0
2017-02-03,212.192,212.736,211.416,212.32,76991320,0,0
2017-02-06,212.324,212.948,211.812,212.576,72601880,0,0
2017-02-07,212.77,213.332,212.26,212.838,69011960,0,0
2017-02-08,213.032,213.48,212.516,213.14,63501660,0,0
2017-02-09,213.334,214.01,212.966,213.668,62761180,0,0
2017-02-10,213.74,214.424,213.37,214.074,59851720,0,0
2017-02-13,214.338,215.12,214.024,214.79,59330120,0,0
2017-02-14,214.93,215.874,214.664,215.678,61965680,0,0
2017-02-15,215.77,216.946,215.61,216.736,69009600,0,0
2017-02-16,216.834,217.732,216.47,217.504,72763040,0,0
2017-02-17,217.384,218.35,217.086,218.17,75000680,0,0
2017-02-21,218.024,219.024,217.73,218.862,81753480,0,0
2017-02-22,218.67,219.552,218.414,219.342,79954720,0,0
2017-02-23,219.31,219.88,218.818,219.626,77520740,0,0
2017-02-24,219.404,220.182,219.108,220.002,77052580,0,0
2017-02-27,219.904,220.596,219.558,220.378,72914840,0,0
2017-02-28,220.118,220.644,219.654,220.376,74518000,0,0
2017-03-01,220.558,221.348,220.128,221.028,91926600,0,0
2017-03-02,221.056,221.844,220.622,221.368,91052620,0,0
2017-03-03,221.562,222.184,221.054,221.68,90971160,0,0
2017-03-06,221.722,222.334,221.178,221.792,90746380,0,0
2017-03-07,221.85,222.488,221.316,221.89,84374740,0,0
2017-03-08,221.656,221.99,220.948,221.29,70176860,0,0
2017-03-09,221.124,221.556,220.488,221.028,74264440,0,0
2017-03-10,221.086,221.446,220.276,220.892,74267920,0,0
2017-03-13,221.11,221.398,220.318,220.91,74640980,0,0
2017-03-14,221.078,221.298,220.21,220.892,73596400,0,0
2017-03-15,221.118,221.632,220.376,221.338,77179000,0,0
2017-03-16,221.566,221.998,220.814,221.64,74711020,0,0
2017-03-17,221.718,222.182,221.088,221.71,76113100,0.2066,0
2017-03-20,221.8,222.282,221.108,221.708,75169140,0.2066,0
2017-03-21,222.046,222.544,220.812,221.306,89554840,0.2066,0
2017-03-22,221.53,221.834,220.21,220.624,89852320,0.2066,0
2017-03-23,220.82,221.306,219.562,219.984,94265580,0.2066,0
2017-03-24,220.19,220.758,218.8,219.39,98966140,0,0
2017-03-27,219.236,220.114,217.92,218.802,105949640,0,0
2017-03-28,218.45,219.778,217.838,219.1,98284560,0,0
2017-03-29,218.678,220.004,218.154,219.336,91160800,0,0
2017-03-30,218.902,220.224,218.466,219.76,82426320,0,0
2017-03-31,219.186,220.498,218.974,220.112,74671960,0,0
2017-04-03,219.91,220.892,219.404,220.432,74290360,0,0
2017-04-04,220.234,220.848,219.67,220.462,66886820,0,0
2017-04-05,220.472,221.142,219.634,220.32,76256860,0,0
2017-04-06,220.372,221.052,219.478,220.16,78736440,0,0
2017-04-07,220.232,220.956,219.284,220.06,78872280,0,0
2017-04-10,220.15,221,219.438,220.062,75286040,0,0
2017-04-11,220.13,220.926,219.21,219.982,81601860,0,0
2017-04-12,219.846,220.472,219.066,219.842,76214620,0,0
2017-04-13,219.604,220.182,218.706,219.294,80963540,0,0
2017-04-17,219.222,219.916,218.378,219.176,79762160,0,0
2017-04-18,218.914,219.584,218.068,218.9,82884260,0,0
2017-04-19,218.844,219.54,218.038,218.598,79015180,0,0
2017-04-20,218.732,219.706,218.04,218.844,81156740,0,0
2017-04-21,219.032,219.86,218.342,219.232,84658620,0,0
2017-04-24,219.794,220.39,218.656,219.718,94819520,0,0
2017-04-25,220.578,221.224,219.542,220.594,93514020,0,0
2017-04-26,221.324,222.082,220.508,221.522,96714540,0,0
2017-04-27,222.19,222.662,221.294,222.132,89682160,0,0
2017-04-28,222.874,223.338,222.006,222.786,80310760,0,0
2017-05-01,223.154,223.668,222.686,223.068,69845280,0,0
2017-05-02,223.328,223.674,222.778,223.11,65980760,0,0
2017-05-03,223.378,223.552,222.656,223.124,63667800,0,0
2017-05-04,223.388,223.548,222.618,223.154,64478280,0,0
2017-05-05,223.442,223.696,222.758,223.458,64171980,0,0
2017-05-08,223.642,223.836,222.94,223.642,60472620,0,0
2017-05-09,223.852,224.062,223.078,223.766,59270120,0,0
2017-05-10,223.968,224.246,223.35,224.026,55501340,0,0
2017-05-11,224.066,224.366,223.416,224.142,55680460,0,0
2017-05-12,224.046,224.312,223.414,224.006,54062740,0,0
2017-05-15,223.994,224.41,223.466,224.126,56769380,0,0
2017-05-16,224.12,224.5,223.576,224.246,56745100,0,0
2017-05-17,224.248,224.54,222.94,223.49,80321160,0,0
2017-05-18,223.57,224.2,222.434,223,89259040,0,0
2017-05-19,223.242,224.136,222.172,222.874,101478780,0,0
2017-05-22,223.136,223.998,222.054,222.728,101297120,0,0
2017-05-23,223.008,223.918,222.032,222.722,100717100,0,0
2017-05-24,223.052,224.04,222.814,223.618,75667820,0,0
2017-05-25,224.076,224.85,223.848,224.552,67072620,0,0
2017-05-26,224.864,225.376,224.63,225.19,53396320,0,0
2017-05-30,225.32,225.766,225.068,225.56,48234580,0,0
2017-05-31,225.674,226.072,225.278,225.82,56925440,0,0
2017-06-01,225.984,226.568,225.598,226.334,61332300,0,0
2017-06-02,226.398,226.992,225.996,226.786,66251180,0,0
2017-06-05,226.852,227.442,226.428,227.212,65864960,0,0
2017-06-06,227.226,227.852,226.794,227.532,68899660,0,0
2017-06-07,227.554,228.234,227.204,227.948,61369320,0,0
2017-06-08,227.89,228.412,227.49,228.026,60767060,0,0
2017-06-09,228.016,228.536,227.278,227.884,69485120,0,0
2017-06-12,227.858,228.37,227.02,227.766,77766980,0,0
2017-06-13,227.978,228.488,227.106,228.016,79705300,0,0
2017-06-14,228.214,228.666,227.192,228.124,84596900,0,0
2017-06-15,228.01,228.586,227.04,228.122,84699740,0,0
2017-06-16,227.984,228.4,227.2,228.198,75159080,0.2366,0
2017-06-19,228.294,228.87,227.628,228.664,70962220,0.2366,0
2017-06-20,228.568,229.026,227.74,228.598,70330100,0.2366,0
2017-06-21,228.528,229.01,227.798,228.578,65805160,0.2366,0
2017-06-22,228.802,229.162,228.072,228.626,61341800,0.2366,0
2017-06-23,228.83,229.29,228.23,228.718,57828540,0,0
2017-06-26,228.888,229.224,228.15,228.46,56143880,0,0
2017-06-27,228.66,229.06,227.834,228.144,61212140,0,0
2017-06-28,228.48,229.084,227.8,228.246,64025140,0,0
2017-06-29,228.612,229.12,227.296,227.966,76585460,0,0
2017-06-30,228.492,228.97,227.13,227.716,80552240,0,0
2017-07-03,228.3,228.782,226.972,227.514,77042900,0,0
2017-07-05,228.222,228.712,227.046,227.784,71478880,0,0
2017-07-06,228.108,228.394,226.69,227.232,70550520,0,0
2017-07-07,227.648,228.122,226.804,227.374,60755040,0,0
2017-07-10,227.616,228.138,226.836,227.482,50723560,0,0
2017-07-11,227.52,227.982,226.58,227.478,52963720,0,0
2017-07-12,227.646,228.206,226.88,227.712,54000280,0,0
2017-07-13,228.046,228.68,227.522,228.44,48814440,0,0
2017-07-14,228.65,229.374,228.226,229.09,49272520,0,0
2017-07-17,229.282,229.96,228.898,229.684,48646240,0,0
2017-07-18,229.788,230.556,229.616,230.336,47123820,0,0
2017-07-19,230.3,231.082,230.126,230.896,45408600,0,0
2017-07-20,230.912,231.622,230.636,231.398,46941320,0,0
2017-07-21,231.29,231.8,230.988,231.646,51356940,0,0
2017-07-24,231.538,232,231.166,231.888,53975020,0,0
2017-07-25,232.03,232.39,231.634,232.22,56409640,0,0
2017-07-26,232.356,232.538,231.844,232.302,55717860,0,0
2017-07-27,232.484,232.646,231.696,232.322,60444140,0,0
2017-07-28,232.524,232.674,231.686,232.328,53993660,0,0
2017-07-31,232.634,232.768,231.734,232.318,57836940,0,0
2017-08-01,232.592,232.712,231.652,232.298,57863900,0,0
2017-08-02,232.538,232.676,231.51,232.3,57791060,0,0
2017-08-03,232.416,232.552,231.69,232.254,51808940,0,0
2017-08-04,232.58,232.688,231.848,232.348,53829620,0,0
2017-08-07,232.602,232.762,232.006,232.556,47060880,0,0
2017-08-08,232.612,233.028,232.026,232.544,48394680,0,0
2017-08-09,232.424,232.974,231.968,232.51,51478960,0,0
2017-08-10,232.232,232.804,231.416,231.908,67403660,0,0
2017-08-11,231.574,232.242,230.812,231.288,70339280,0,0
2017-08-14,231.218,232.038,230.47,231.038,78598660,0,0
2017-08-15,231.118,231.678,230.344,230.898,77303320,0,0
2017-08-16,231.238,231.728,230.416,230.838,76119900,0,0
2017-08-17,231.23,231.758,230.302,230.714,77722080,0,0
2017-08-18,231.02,231.644,230.01,230.45,90097700,0,0
2017-08-21,230.464,230.97,229.31,229.766,88533260,0,0
2017-08-22,229.824,230.71,228.82,229.564,90112740,0,0
2017-08-23,229.302,230.236,228.39,229.118,88810400,0,0
2017-08-24,229.068,229.97,228.514,229.286,73260660,0,0
2017-08-25,229.444,230.236,228.926,229.634,58800240,0,0
2017-08-28,229.92,230.612,229.352,229.948,53819420,0,0
2017-08-29,229.824,230.524,229.234,229.838,51418540,0,0
2017-08-30,229.918,230.762,229.32,230.11,53783940,0,0
2017-08-31,230.242,231.248,229.752,230.768,64396380,0,0
2017-09-01,230.81,231.76,230.368,231.384,63908600,0,0
2017-09-05,231.202,232.196,230.528,231.664,74075240,0,0
2017-09-06,231.912,232.596,231.15,232.05,75431480,0,0
2017-09-07,232.368,232.774,231.486,232.212,74632260,0,0
2017-09-08,232.334,232.65,231.532,232.042,66638040,0,0
2017-09-11,232.356,232.832,231.598,232.3,68509600,0,0
2017-09-12,232.802,233.316,232.44,233.05,61609040,0,0
2017-09-13,233.344,233.868,233.072,233.664,61871260,0,0
2017-09-14,233.822,234.442,233.672,234.27,69353580,0,0
2017-09-15,234.458,235.086,234.332,234.992,75673500,0.247,0
2017-09-18,234.986,235.474,234.802,235.32,70647580,0.247,0
2017-09-19,235.29,235.702,235.068,235.538,68690000,0.247,0
2017-09-20,235.588,235.932,235.174,235.75,68759220,0.247,0
2017-09-21,235.836,236.102,235.33,235.85,59312240,0.247,0
2017-09-22,235.904,236.166,235.414,235.898,50468560,0,0
2017-09-25,235.816,236.058,235.186,235.75,52634400,0,0
2017-09-26,235.706,235.988,235.036,235.582,54029180,0,0
2017-09-27,235.67,236.044,235.026,235.58,58314640,0,0
2017-09-28,235.642,236.13,235.11,235.762,57628120,0,0
2017-09-29,235.886,236.448,235.32,236.1,64500920,0,0
2017-10-02,236.328,236.972,235.928,236.74,64892640,0,0
2017-10-03,236.876,237.576,236.574,237.454,67438280,0,0
2017-10-04,237.408,238.134,237.272,238.042,62428720,0,0
2017-10-05,238.128,238.936,237.946,238.856,66177520,0,0
2017-10-06,238.848,239.576,238.648,239.448,65191120,0,0
2017-10-09,239.442,240.026,239.092,239.756,60547140,0,0
2017-10-10,239.872,240.434,239.424,240.088,55796580,0,0
2017-10-11,240.216,240.732,239.756,240.44,54140720,0,0
2017-10-12,240.428,240.804,239.976,240.436,50849180,0,0
2017-10-13,240.614,240.912,240.126,240.546,45680060,0,0
2017-10-16,240.724,241.064,240.348,240.798,46163780,0,0
2017-10-17,240.844,241.152,240.536,240.958,43864500,0,0
2017-10-18,241.106,241.328,240.758,241.09,42507300,0,0
2017-10-19,241.138,241.472,240.756,241.308,45475040,0,0
2017-10-20,241.434,241.824,240.97,241.716,52350240,0,0
2017-10-23,241.862,242.202,241.196,241.872,57488960,0,0
2017-10-24,242.12,242.45,241.418,242.078,64563940,0,0
2017-10-25,242.172,242.518,241.136,241.996,77129340,0,0
2017-10-26,242.392,242.608,241.348,241.964,78708180,0,0
2017-10-27,242.348,242.75,241.322,242.078,77985400,0,0
2017-10-30,242.158,242.768,241.396,242.198,76059480,0,0
2017-10-31,242.268,242.884,241.52,242.31,74733260,0,0
2017-11-01,242.62,243.284,242.1,242.726,64830740,0,0
2017-11-02,242.888,243.558,242.234,243.098,62161040,0,0
2017-11-03,243.134,243.674,242.548,243.238,56966480,0,0
2017-11-06,243.48,243.938,242.89,243.636,56039860,0,0
2017-11-07,243.818,244.298,243.132,243.924,55479340,0,0
2017-11-08,243.9,244.448,243.336,244.23,54732720,0,0
2017-11-09,243.96,244.568,243.368,244.338,62459920,0,0
2017-11-10,243.952,244.528,243.382,244.27,62538920,0,0
2017-11-13,243.764,244.45,243.202,244.172,62654120,0,0
2017-11-14,243.47,244.166,242.906,243.994,63416720,0,0
2017-11-15,243.12,243.788,242.43,243.49,69485100,0,0
2017-11-16,243.08,243.912,242.64,243.576,64023400,0,0
2017-11-17,243.172,243.968,242.716,243.532,67177820,0,0
2017-11-20,243.33,243.956,242.828,243.526,66747200,0,0
2017-11-21,243.664,244.4,243.156,243.952,68319520,0,0
2017-11-22,244.302,244.954,243.9,244.58,61163900,0,0
2017-11-24,244.832,245.226,244.408,244.908,53179800,0,0
2017-11-27,245.246,245.634,244.828,245.356,48483420,0,0
2017-11-28,245.74,246.46,245.356,246.218,58662660,0,0
2017-11-29,246.466,247.108,246.1,246.732,60329720,0,0
2017-11-30,247.178,248.222,246.874,247.724,76901920,0,0
2017-12-01,248.016,249.134,246.988,248.5,104208800,0,0
2017-12-04,249.13,250.278,247.76,249.238,112561940,0,0
2017-12-05,249.59,250.704,248.212,249.3,108366500,0,0
2017-12-06,249.642,250.724,248.308,249.4,108043800,0,0
2017-12-07,249.7,250.418,248.17,249.222,97908640,0,0
2017-12-08,249.776,250.458,248.788,249.42,80343240,0,0
2017-12-11,249.776,250.378,249.052,249.83,78150620,0,0
2017-12-12,250.534,250.788,249.676,250.508,79590880,0,0
2017-12-13,251.244,251.512,250.422,251.172,84992240,0,0
2017-12-14,251.814,252.038,250.924,251.472,89681860,0,0
2017-12-15,252.124,252.582,251.438,251.918,103291140,0.2702,0
2017-12-18,252.722,253.26,252.17,252.534,103406360,0.2702,0
2017-12-19,253.222,253.748,252.568,252.866,102843780,0.2702,0
2017-12-20,253.71,254.152,252.832,253.176,97613000,0.2702,0
2017-12-21,254.092,254.634,253.412,253.798,90886120,0.2702,0
2017-12-22,254.502,254.748,253.698,253.988,77708240,0,0
2017-12-26,254.302,254.528,253.49,253.798,70026400,0,0
2017-12-27,254.094,254.376,253.474,253.826,65100020,0,0
2017-12-28,254.022,254.298,253.618,253.986,58772940,0,0
2017-12-29,254.172,254.328,253.492,253.848,64567960,0,0
2018-01-02,254.216,254.55,253.588,254.088,66154920,0,0
2018-01-03,254.58,255.158,253.982,254.71,75120120,0,0
2018-01-04,255.304,255.998,254.654,255.524,79697200,0,0
2018-01-05,256.182,257.068,255.51,256.578,87378780,0,0
2018-01-08,257.09,258.122,256.714,257.92,79641140,0,0
2018-01-09,258.336,259.346,257.982,259.014,73760800,0,0
2018-01-10,259.232,260.064,258.734,259.708,69661580,0,0
2018-01-11,259.906,260.816,259.496,260.564,66006600,0,0
2018-01-12,260.648,261.68,260.28,261.418,67465020,0,0
2018-01-16,261.794,262.816,260.888,261.996,77312200,0,0
2018-01-17,262.484,263.728,261.436,262.96,88513160,0,0
2018-01-18,263.586,264.78,262.51,263.912,94743900,0,0
2018-01-19,264.546,265.596,263.38,264.728,110455620,0,0
2018-01-22,265.258,266.466,264.144,265.634,110556880,0,0
2018-01-23,265.902,267.138,265.32,266.834,108662800,0,0
2018-01-24,267.04,268.02,266.246,267.512,112974260,0,0
2018-01-25,267.928,268.838,266.972,268.302,109746120,0,0
2018-01-26,268.772,270.018,267.888,269.474,103110720,0,0
2018-01-29,269.866,270.728,268.722,269.852,102869900,0,0
2018-01-30,269.84,270.94,268.504,269.562,109812240,0,0
2018-01-31,269.594,270.674,268.282,269.318,104521980,0,0
2018-02-01,269.006,270.444,267.954,268.992,105625020,0,0
2018-02-02,268.214,269.23,266.33,266.878,118711360,0,0
2018-02-05,265.844,267.222,262.306,262.938,159624060,0,0
2018-02-06,261.54,264.366,258.028,260.54,204270140,0,0
2018-02-07,258.838,262.288,255.542,257.838,216072400,0,0
2018-02-08,256.358,259.462,251.158,253.29,247341800,0,0
2018-02-09,252.698,256.306,246.888,250.64,269419900,0,0
2018-02-12,250.872,254.626,246.576,250.908,239230740,0,0
2018-02-13,251.638,254.04,247.452,250.314,184470100,0,0
2018-02-14,250.842,253.592,246.828,250.678,175142020,0,0
2018-02-15,251.518,254.516,248.952,253.602,148092180,0,0
2018-02-16,253.706,256.74,252.626,255.808,123463140,0,0
2018-02-20,255.262,258.006,254.304,256.958,111989880,0,0
2018-02-21,256.768,259.546,255.564,257.726,115521900,0,0
2018-02-22,258.058,260.126,256.578,257.88,113477020,0,0
2018-02-23,258.1,260.444,257.048,258.2,109790240,0,0
2018-02-26,258.784,260.954,257.616,259.108,95004500,0,0
2018-02-27,259.938,261.95,258.348,259.684,97550400,0,0
2018-02-28,260.656,262.228,258.604,259.988,102155220,0,0
2018-03-01,260.714,262.25,257.914,259.476,115423980,0,0
2018-03-02,259.578,261.302,256.694,258.406,124687340,0,0
2018-03-05,258.022,260.33,255.24,257.322,126850540,0,0
2018-03-06,257.11,259.28,254.636,257.028,122873340,0,0
2018-03-07,256.11,258.708,254.428,257.242,115904480,0,0
2018-03-08,256.516,258.912,255.646,258.458,93913700,0,0
2018-03-09,258.396,260.65,257.642,260.318,88822120,0,0
2018-03-12,260.574,261.982,259.632,261.52,83745600,0,0
2018-03-13,261.816,263.316,260.554,262.248,86296740,0,0
2018-03-14,263.22,264.236,261.404,262.728,90063060,0,0
2018-03-15,263.664,264.686,261.786,262.898,93369420,0,0
2018-03-16,263.644,264.234,261.768,262.218,90713100,0.2194,0
2018-03-19,262.74,263.398,260.176,260.9,98169820,0.2194,0
2018-03-20,261.256,261.944,259.27,260.012,91727500,0.2194,0
2018-03-21,260.15,261.25,258.624,259.292,86290400,0.2194,0
2018-03-22,258.84,259.984,256.722,257.342,99360980,0.2194,0
2018-03-23,256.87,257.916,253.612,254.264,115999200,0,0
2018-03-26,254.732,256.204,251.856,253.238,122548740,0,0
2018-03-27,253.822,255.27,249.694,251.264,136585560,0,0
2018-03-28,251.886,253.242,247.48,249.244,150134100,0,0
2018-03-29,250.592,252.554,246.81,249.144,142697240,0,0
2018-04-02,250.284,252.284,246.208,249.034,143247540,0,0
2018-04-03,249.662,251.5,245.718,248.206,138847700,0,0
2018-04-04,247.866,251.04,245.292,248.77,137602480,0,0
2018-04-05,248.782,251.804,246.388,249.876,124842540,0,0
2018-04-06,249.22,251.776,246.036,249.222,138426460,0,0
2018-04-09,248.994,252.102,247.04,249.894,122257780,0,0
2018-04-10,250.024,253.004,248.21,250.73,118972200,0,0
2018-04-11,251.306,253.248,249.504,250.768,112457180,0,0
2018-04-12,251.25,253.316,249.644,250.824,109704760,0,0
2018-04-13,252.01,253.78,250.79,251.86,90816360,0,0
2018-04-16,253.084,254.42,251.958,253.068,82408840,0,0
2018-04-17,254.048,255.34,253.058,254.028,74639440,0,0
2018-04-18,255.424,256.42,254.294,255.292,67872180,0,0
2018-04-19,256.262,256.97,254.802,255.856,69625260,0,0
2018-04-20,256.53,257.258,255.108,256.134,72600040,0,0
2018-04-23,256.58,257.2,254.972,255.988,73030580,0,0
2018-04-24,256.276,256.648,253.548,254.614,82671280,0,0
2018-04-25,254.792,255.28,251.828,253.326,91978680,0,0
2018-04-26,253.864,254.778,251.174,252.834,89993880,0,0
2018-04-27,253.518,254.45,251.152,252.824,81413980,0,0
2018-04-30,253.518,254.45,250.976,252.432,84738840,0,0
2018-05-01,252.782,253.902,251.134,252.814,77002420,0,0
2018-05-02,253.136,254.198,251.498,252.732,73508020,0,0
2018-05-03,252.654,253.456,250.498,252.03,87223940,0,0
2018-05-04,251.61,253.352,249.668,251.928,94057640,0,0
2018-05-07,251.54,253.376,249.988,252.386,88682160,0,0
2018-05-08,252.04,253.802,250.568,252.754,87341320,0,0
2018-05-09,252.596,254.602,251.394,253.954,82000760,0,0
2018-05-10,254.136,256.324,253.524,255.746,69151240,0,0
2018-05-11,256.164,257.536,255.514,257.048,62881120,0,0
2018-05-14,257.392,258.692,256.706,258.204,62778260,0,0
2018-05-15,258.364,259.508,257.636,259.002,66685640,0,0
2018-05-16,259.024,260.058,258.402,259.526,65540940,0,0
2018-05-17,259.33,260.218,258.576,259.524,62435440,0,0
2018-05-18,259.226,260.006,258.452,259.234,63334740,0,0
2018-05-21,259.164,259.986,258.492,259.308,63981800,0,0
2018-05-22,259.616,260.488,258.914,259.596,57167860,0,0
2018-05-23,259.622,260.608,258.89,259.808,59318180,0,0
2018-05-24,259.806,260.606,258.822,259.958,63219660,0,0
2018-05-25,259.908,260.764,258.946,260.114,61621020,0,0
2018-05-29,259.394,260.23,258.03,259.286,73197560,0,0
2018-05-30,258.734,260.014,257.682,259.286,76539960,0,0
2018-05-31,258.92,259.842,257.544,258.826,82305100,0,0
2018-06-01,258.826,259.98,257.84,258.978,81348020,0,0
2018-06-04,259.28,260.424,258.35,259.502,79150100,0,0
2018-06-05,260.182,261.254,259.574,260.66,66195380,0,0
2018-06-06,261.19,262.094,260.464,261.574,64806140,0,0
2018-06-07,262.296,263.198,261.622,262.8,60696040,0,0
2018-06-08,263.142,264.02,262.448,263.676,60872300,0,0
2018-06-11,263.888,264.816,263.22,264.374,63573760,0,0
2018-06-12,264.648,265.54,263.984,265.102,67812560,0,0
2018-06-13,265.296,265.914,264.502,265.222,71080240,0,0
2018-06-14,265.498,266.114,264.83,265.48,71905880,0,0
2018-06-15,265.688,266.21,264.816,265.514,81486260,0.2492,0
2018-06-18,265.36,265.938,264.412,265.37,80291280,0.2492,0
2018-06-19,264.636,265.492,263.758,264.954,85331780,0.2492,0
2018-06-20,264.316,265.202,263.572,264.796,80274760,0.2492,0
2018-06-21,263.97,264.8,262.972,264.176,79067520,0.2492,0
2018-06-22,263.79,264.47,262.808,263.72,66038900,0,0
2018-06-25,263.398,263.88,261.686,262.654,83026220,0,0
2018-06-26,262.946,263.27,261.16,261.908,77229400,0,0
2018-06-27,262.178,262.724,259.932,260.64,87494440,0,0
2018-06-28,260.902,261.914,258.938,259.998,88612260,0,0
2018-06-29,260.224,261.506,258.298,259.334,97151060,0,0
2018-07-02,259.472,261.204,258.326,259.5,82291180,0,0
2018-07-03,259.706,261.284,258.256,259.366,77019120,0,0
2018-07-05,259.688,261.152,258.598,260.086,67382160,0,0
2018-07-06,260.424,261.936,259.406,260.954,65350800,0,0
2018-07-09,261.272,262.76,260.43,262.222,55942380,0,0
2018-07-10,262.976,264.094,262.122,263.57,53624780,0,0
2018-07-11,263.796,265.064,263.29,264.712,60598300,0,0
2018-07-12,264.968,266.262,264.56,265.912,61238060,0,0
2018-07-13,266.124,267.046,265.7,266.71,57582520,0,0
2018-07-16,266.716,267.398,266.148,266.986,57112640,0,0
2018-07-17,266.728,267.762,266.212,267.286,57182380,0,0
2018-07-18,267.382,268.362,266.89,268.09,50690140,0,0
2018-07-19,267.77,268.612,267.248,268.21,50947620,0,0
2018-07-20,267.884,268.716,267.408,268.228,57771960,0,0
2018-07-23,267.848,268.836,267.45,268.392,57541280,0,0
2018-07-24,268.484,269.152,267.876,268.61,60683560,0,0
2018-07-25,268.632,269.764,268.11,269.174,67541440,0,0
2018-07-26,269.186,270.41,268.804,269.814,66842920,0,0
2018-07-27,269.94,271.05,268.974,270.146,65729120,0,0
2018-07-30,270.334,271.292,269.032,270.098,69068100,0,0
2018-07-31,270.146,271.19,268.984,270.046,69176820,0,0
2018-08-01,270.19,270.76,268.764,269.444,64170900,0,0
2018-08-02,269.46,270.466,268.012,269.262,65272280,0,0
2018-08-03,269.234,270.436,268.384,269.68,60705620,0,0
2018-08-06,269.642,271.068,269.12,270.58,55837300,0,0
2018-08-07,270.518,271.832,270.05,271.394,50762520,0,0
2018-08-08,271.25,272.556,270.97,272.274,48414780,0,0
2018-08-09,272.426,273.206,272.072,272.788,42872900,0,0
2018-08-10,272.604,273.282,272.078,272.704,47501020,0,0
2018-08-13,272.57,273.124,271.804,272.216,52767420,0,0
2018-08-14,272.098,272.772,271.276,271.894,52896500,0,0
2018-08-15,271.522,272.126,270.362,271.19,65058660,0,0
2018-08-16,271.114,271.948,270.064,270.996,71908840,0,0
2018-08-17,271.186,272.236,270.258,271.36,69617340,0,0
2018-08-20,271.59,272.582,270.888,272.044,64432260,0,0
2018-08-21,272.228,273.182,271.506,272.51,69118260,0,0
2018-08-22,272.898,273.992,272.544,273.35,57531840,0,0
2018-08-23,273.39,274.356,272.94,273.682,53379240,0,0
2018-08-24,273.89,274.76,273.516,274.15,51753020,0,0
2018-08-27,274.52,275.512,274.208,274.938,55206000,0,0
2018-08-28,275.296,276.108,274.914,275.624,51140300,0,0
2018-08-29,276.116,277.06,275.738,276.642,54438740,0,0
2018-08-30,277.068,277.906,276.542,277.506,56843660,0,0
2018-08-31,277.718,278.506,277.1,278.042,58574340,0,0
2018-09-04,277.904,278.566,277.1,278.048,58678740,0,0
2018-09-05,277.732,278.416,276.812,277.878,63780520,0,0
2018-09-06,277.538,277.986,276.26,277.242,64665400,0,0
2018-09-07,276.78,277.476,275.702,276.724,67124460,0,0
2018-09-10,276.57,277.138,275.432,276.302,63938480,0,0
2018-09-11,276.098,277.012,275.108,276.156,62525700,0,0
2018-09-12,276.032,277.044,275.172,276.174,59997380,0,0
2018-09-13,276.256,277.34,275.746,276.684,57022240,0,0
2018-09-14,277.036,277.832,276.376,277.312,53333260,0,0
2018-09-17,277.434,278.18,276.596,277.55,56939880,0,0
2018-09-18,277.858,278.568,277.088,277.906,59219860,0,0
2018-09-19,278.224,278.93,277.586,278.308,57073820,0,0
2018-09-20,278.67,279.486,277.824,278.836,66939100,0,0
2018-09-21,279.314,280.114,278.424,279.302,77019060,0.2646,0
2018-09-24,279.666,280.49,278.932,279.876,74052180,0.2646,0
2018-09-25,280.292,280.756,279.362,280.098,70540100,0.2646,0
2018-09-26,280.532,281.114,279.342,280.092,76671920,0.2646,0
2018-09-27,280.356,280.978,279.374,279.79,68449700,0.2646,0
2018-09-28,279.76,280.606,279.016,279.546,61372040,0,0
2018-10-01,279.908,280.88,279.134,279.682,63105900,0,0
2018-10-02,279.914,281.018,279.26,279.838,63683540,0,0
2018-10-03,280.266,281.204,279.626,280.192,60674520,0,0
2018-10-04,280.414,281.076,279.156,279.952,71133800,0,0
2018-10-05,280.356,280.88,278.438,279.394,78305860,0,0
2018-10-08,279.384,279.974,277.384,278.642,83438520,0,0
2018-10-09,278.58,279.3,276.544,277.84,88854680,0,0
2018-10-10,277.444,278.088,273.96,275.258,118861960,0,0
2018-10-11,274.732,275.714,270.632,271.934,151520880,0,0
2018-10-12,272.246,273.18,267.968,269.65,166967840,0,0
2018-10-15,270.034,271.03,265.812,267.068,169872140,0,0
2018-10-16,267.96,269.482,263.754,265.722,178655500,0,0
2018-10-17,266.73,268.374,263.692,266.136,157834500,0,0
2018-10-18,267.176,268.598,264.58,266.95,129777900,0,0
2018-10-19,267.246,269.022,265.176,267.008,121120920,0,0
2018-10-22,267.524,269.084,265.198,267.126,117151340,0,0
2018-10-23,266.436,267.94,263.762,265.82,122770720,0,0
2018-10-24,265.068,266.518,261.288,262.908,136206860,0,0
2018-10-25,262.756,264.93,259.606,261.692,136907660,0,0
2018-10-26,260.598,263.334,257.07,259.59,149242260,0,0
2018-10-29,259.02,261.966,254.268,257.444,164908920,0,0
2018-10-30,257.62,260.668,253.212,256.32,167061580,0,0
2018-10-31,257.104,260.566,254.254,257.342,157159500,0,0
2018-11-01,257.916,260.934,255.052,258.002,149446200,0,0
2018-11-02,259.616,261.748,256.456,259.264,133658100,0,0
2018-11-05,260.316,262.47,258.67,261.098,114632780,0,0
2018-11-06,262.172,263.85,260.618,262.512,95226760,0,0
2018-11-07,263.502,265.364,261.958,264.51,90117920,0,0
2018-11-08,265.138,266.806,263.66,265.856,83335900,0,0
2018-11-09,265.96,267.576,264.928,266.986,78571600,0,0
2018-11-12,266.874,268.24,265.05,266.828,85381820,0,0
2018-11-13,266.83,268.246,264.666,266.24,92999960,0,0
2018-11-14,266.176,266.998,263.006,264.16,97516720,0,0
2018-11-15,263.996,265.52,260.656,262.72,111420020,0,0
2018-11-16,262.604,264.658,259.7,261.944,116991100,0,0
2018-11-19,261.808,263.874,258.946,261.276,117668720,0,0
2018-11-20,260.32,262.272,257.388,259.748,125237660,0,0
2018-11-21,258.722,260.838,256.726,258.752,115283220,0,0
2018-11-23,257.646,259.16,255.968,256.872,96824520,0,0
2018-11-26,256.49,257.812,254.838,255.674,87487200,0,0
2018-11-27,255.2,256.854,254.374,255.54,81975340,0,0
2018-11-28,256.016,258.312,255.37,257.552,80297000,0,0
2018-11-29,257.528,259.928,256.796,259.276,81653540,0,0
2018-11-30,259.572,262.134,258.794,261.662,92732800,0,0
2018-12-03,262.362,264.568,261.136,263.932,97371780,0,0
2018-12-04,264.676,266.578,261.952,264.288,117868500,0,0
2018-12-06,263.968,265.692,260.818,263.376,133179660,0,0
2018-12-07,263.15,264.858,258.934,261.372,148914160,0,0
2018-12-10,261.142,262.718,256.08,259.144,159562500,0,0
2018-12-11,258.714,260.308,253.188,256.226,163228120,0,0
2018-12-12,256.616,258.412,252.316,255.304,147226260,0,0
2018-12-13,256.732,257.934,252.64,254.444,125721720,0,0
2018-12-14,255.48,256.55,252.104,253.848,116910160,0,0
2018-12-17,254.716,255.682,251.124,252.172,119719440,0,0
2018-12-18,252.702,253.774,249.354,250.43,122321580,0,0
2018-12-19,250.336,251.928,246.272,247.698,145724800,0,0
2018-12-20,247.13,248.876,242.526,244.198,176802940,0,0
2018-12-21,244.288,246.402,238.974,240.664,204479840,0.287,0
2018-12-24,240.64,242.862,235.532,236.884,200843700,0.287,0
2018-12-26,236.822,240.874,232.04,235.45,217637760,0.287,0
2018-12-27,234.67,239.016,230.31,235.116,211892660,0.287,0
2018-12-28,234.898,239.256,230.934,235.506,192102020,0.287,0
